rowid,group,estimate,conf.low,conf.high,ImpositionH,Power,Intimate,Kin,StanceH,StanceS,Speaker,PronTypeSimple
1,Jun,0.01603420309276212,0.003106083325246413,0.06699741765748048,,Speaker,/,Yes,Pos,Pos,?,Qing
2,Jun,0.045844775850312394,0.00467003843039587,0.2557615447741175,,Speaker,/,Yes,Pos,Q,?,Qing
3,Jun,0.25101069939266996,0.05804825951467045,0.5206705408505952,,Speaker,/,Yes,Pos,,?,Qing
4,Jun,0.0028392716133007765,5.265398545540289e-4,0.013242969640798744,,Speaker,/,Yes,Neg,Pos,?,Qing
5,Jun,0.007888990339050064,8.966096281651008e-4,0.05506113542998208,,Speaker,/,Yes,Neg,Q,?,Qing
6,Jun,0.04511411307380327,0.009207764030478073,0.13563509511283123,,Speaker,/,Yes,Neg,,?,Qing
7,Jun,0.0027325444674866067,5.260951982179467e-4,0.011766426415396235,,Speaker,/,Yes,Q,Pos,?,Qing
8,Jun,0.008666803136943884,0.0010485051812628193,0.06254960432724974,,Speaker,/,Yes,Q,Q,?,Qing
9,Jun,0.0930520061206196,0.029072450879423103,0.23106673323705762,,Speaker,/,Yes,Q,,?,Qing
10,Jun,0.003424008309905165,6.796924730742928e-4,0.01555880882785121,,Speaker,/,Yes,,Pos,?,Qing
11,Jun,0.010064746008710077,0.0010309551468245214,0.06893704962413685,,Speaker,/,Yes,,Q,?,Qing
12,Jun,0.05528457842590133,0.011611914794396798,0.16808888250145024,,Speaker,/,Yes,,,?,Qing
13,Jun,0.015473235569728443,0.003585388773774429,0.05677386446414937,,Speaker,/,,Pos,Pos,?,Qing
14,Jun,0.05467421433056422,0.007209828639157088,0.26172156762001564,,Speaker,/,,Pos,Q,?,Qing
15,Jun,0.4462961728471817,0.2730161276414557,0.6344230759220801,,Speaker,/,,Pos,,?,Qing
16,Jun,0.0036372134477616327,8.655558906256948e-4,0.013518444299532275,,Speaker,/,,Neg,Pos,?,Qing
17,Jun,0.013230564353916566,0.0017401400426868914,0.07863163286993366,,Speaker,/,,Neg,Q,?,Qing
18,Jun,0.1522176400163741,0.08045074153870427,0.26391547270883875,,Speaker,/,,Neg,,?,Qing
19,Jun,0.0013935093012959307,2.9792802584543786e-4,0.0060637453727286,,Speaker,/,,Q,Pos,?,Qing
20,Jun,0.005802394986982983,7.063015794217933e-4,0.038919452567170776,,Speaker,/,,Q,Q,?,Qing
21,Jun,0.07125950871013946,0.029468923570108222,0.16539248706657414,,Speaker,/,,Q,,?,Qing
22,Jun,0.004121099120838719,0.0010306541911136169,0.01500548825523118,,Speaker,/,,,Pos,?,Qing
23,Jun,0.014892620105349533,0.002063772903954146,0.08687929561888678,,Speaker,/,,,Q,?,Qing
24,Jun,0.16906487646263407,0.09344743074695572,0.2871435476538822,,Speaker,/,,,,?,Qing
25,Jun,0.018432380495920945,0.003680497349057139,0.07574407897811448,,Speaker,Y,Yes,Pos,Pos,?,Qing
26,Jun,0.04895793287889308,0.0055538790895484046,0.2741065827115221,,Speaker,Y,Yes,Pos,Q,?,Qing
27,Jun,0.2629452546485279,0.06634135264213634,0.5420286837217955,,Speaker,Y,Yes,Pos,,?,Qing
28,Jun,0.003467987684785479,6.791073626115033e-4,0.014938911052784021,,Speaker,Y,Yes,Neg,Pos,?,Qing
29,Jun,0.00978070539227979,0.0010910815069641215,0.06739714565171444,,Speaker,Y,Yes,Neg,Q,?,Qing
30,Jun,0.04613810994648894,0.010584249316890153,0.13977296080961893,,Speaker,Y,Yes,Neg,,?,Qing
31,Jun,0.003600789223943402,7.006844187267883e-4,0.014535197385801734,,Speaker,Y,Yes,Q,Pos,?,Qing
32,Jun,0.010883090313319119,0.0014347290331193125,0.07995313168345501,,Speaker,Y,Yes,Q,Q,?,Qing
33,Jun,0.11499157291663437,0.037158974921362976,0.26771264133209394,,Speaker,Y,Yes,Q,,?,Qing
34,Jun,0.004072136810874871,8.557537169727356e-4,0.0180112335900504,,Speaker,Y,Yes,,Pos,?,Qing
35,Jun,0.011607302672528946,0.0013665742852302385,0.07625676800878504,,Speaker,Y,Yes,,Q,?,Qing
36,Jun,0.05771700415232825,0.01306262787925138,0.171885863554003,,Speaker,Y,Yes,,,?,Qing
37,Jun,0.010970553090847176,0.0024916297339699577,0.041301250219521794,,Speaker,Y,,Pos,Pos,?,Qing
38,Jun,0.0392495161630709,0.005572730578408248,0.19633196671090014,,Speaker,Y,,Pos,Q,?,Qing
39,Jun,0.3658707528956905,0.22182316577524253,0.5449178101436467,,Speaker,Y,,Pos,,?,Qing
40,Jun,0.004551597827718539,0.0011247870929550117,0.016349980346497515,,Speaker,Y,,Neg,Pos,?,Qing
41,Jun,0.01567787798771551,0.002228884287083421,0.08819225086480072,,Speaker,Y,,Neg,Q,?,Qing
42,Jun,0.18628246532788864,0.10531766830125586,0.3069603586006078,,Speaker,Y,,Neg,,?,Qing
43,Jun,0.00171560639579698,3.6043964271505945e-4,0.006540365501328584,,Speaker,Y,,Q,Pos,?,Qing
44,Jun,0.00655521598414335,8.09119213885661e-4,0.0443174020080802,,Speaker,Y,,Q,Q,?,Qing
45,Jun,0.08924815345667829,0.03653669343967454,0.19027188487383215,,Speaker,Y,,Q,,?,Qing
46,Jun,0.004363361118989793,0.0010726202688208682,0.01473259152825233,,Speaker,Y,,,Pos,?,Qing
47,Jun,0.014559445032348522,0.0021448226543240067,0.07992406824046586,,Speaker,Y,,,Q,?,Qing
48,Jun,0.18545600058453837,0.10880947495236243,0.2946527588387328,,Speaker,Y,,,,?,Qing
49,Jun,0.10945148626233035,0.014946163896429665,0.4128764524550891,,Speaker,N,Yes,Pos,Pos,?,Qing
50,Jun,0.2648906950850951,0.029008507354210428,0.7659115416217961,,Speaker,N,Yes,Pos,Q,?,Qing
51,Jun,0.4834965445438355,0.12184370000164658,0.8417929973762194,,Speaker,N,Yes,Pos,,?,Qing
52,Jun,0.017860272478024148,0.0024103923724184692,0.09753112045835742,,Speaker,N,Yes,Neg,Pos,?,Qing
53,Jun,0.05478179601914235,0.0046869954991293926,0.3353299477755443,,Speaker,N,Yes,Neg,Q,?,Qing
54,Jun,0.10121339693035775,0.019714618151410096,0.3580761665790347,,Speaker,N,Yes,Neg,,?,Qing
55,Jun,0.03886647935911777,0.007194061034417968,0.15382597993138508,,Speaker,N,Yes,Q,Pos,?,Qing
56,Jun,0.10546727178261162,0.012002196219740652,0.49451834118186,,Speaker,N,Yes,Q,Q,?,Qing
57,Jun,0.48558965472258186,0.1437361687761468,0.7881286021820357,,Speaker,N,Yes,Q,,?,Qing
58,Jun,0.022784748046952,0.0030547606758142614,0.1174832034210146,,Speaker,N,Yes,,Pos,?,Qing
59,Jun,0.0679591737337564,0.006235288636506405,0.38011245314860087,,Speaker,N,Yes,,Q,?,Qing
60,Jun,0.12489991313259319,0.02504163593924813,0.4207896519213301,,Speaker,N,Yes,,,?,Qing
61,Jun,0.2578361422490827,0.0774724875041172,0.5507285574966738,,Speaker,N,,Pos,Pos,?,Qing
62,Jun,0.5171903622785056,0.12431963898643171,0.8726583469041727,,Speaker,N,,Pos,Q,?,Qing
63,Jun,0.9298762501267076,0.8541166136868554,0.9697621441071909,,Speaker,N,,Pos,,?,Qing
64,Jun,0.07317563812679961,0.020208218499161712,0.21552922129040628,,Speaker,N,,Neg,Pos,?,Qing
65,Jun,0.20435381059901636,0.031739240408115516,0.6101005648154771,,Speaker,N,,Neg,Q,?,Qing
66,Jun,0.7455690294411365,0.5838254735524745,0.8609506004810946,,Speaker,N,,Neg,,?,Qing
67,Jun,0.03534588399355623,0.008168399141858632,0.12263225999293316,,Speaker,N,,Q,Pos,?,Qing
68,Jun,0.12244924330089957,0.017267663895896047,0.48438828800379496,,Speaker,N,,Q,Q,?,Qing
69,Jun,0.6417089654275319,0.41469099467491666,0.8231351448185289,,Speaker,N,,Q,,?,Qing
70,Jun,0.08149541835145305,0.023852479641046063,0.23806641706751505,,Speaker,N,,,Pos,?,Qing
71,Jun,0.22646266241827873,0.03750099068187941,0.6311794027569348,,Speaker,N,,,Q,?,Qing
72,Jun,0.7722222407940664,0.6212016438548911,0.877384961101632,,Speaker,N,,,,?,Qing
73,Jun,0.04509285485025084,0.009087023800725347,0.169671888708017,,Equal,/,Yes,Pos,Pos,?,Qing
74,Jun,0.12048042394285449,0.015276701854133698,0.49828088122190295,,Equal,/,Yes,Pos,Q,?,Qing
75,Jun,0.5807942936931276,0.2714343740886397,0.8105774308020591,,Equal,/,Yes,Pos,,?,Qing
76,Jun,0.009099140104765513,0.001754010975362633,0.03734226462939581,,Equal,/,Yes,Neg,Pos,?,Qing
77,Jun,0.026364000326477982,0.003407996443460579,0.15711507765893315,,Equal,/,Yes,Neg,Q,?,Qing
78,Jun,0.19002980871574704,0.05929448356139824,0.4156317984335783,,Equal,/,Yes,Neg,,?,Qing
79,Jun,0.005981054223941906,0.0011415359408700233,0.02574027410798776,,Equal,/,Yes,Q,Pos,?,Qing
80,Jun,0.020498620553950735,0.0024566283222183065,0.13448474036054384,,Equal,/,Yes,Q,Q,?,Qing
81,Jun,0.20133255005664918,0.07595053419134051,0.4318940728576711,,Equal,/,Yes,Q,,?,Qing
82,Jun,0.010693086541967194,0.0023123571794534618,0.04313312180079015,,Equal,/,Yes,,Pos,?,Qing
83,Jun,0.0314397542511603,0.003907191298808388,0.17794465927281747,,Equal,/,Yes,,Q,?,Qing
84,Jun,0.2216693288705203,0.07112528734667437,0.45410091996476165,,Equal,/,Yes,,,?,Qing
85,Jun,0.028134995278680894,0.006771864457213532,0.10537343535892632,,Equal,/,,Pos,Pos,?,Qing
86,Jun,0.1035505437473426,0.013385482863126057,0.4088096719547175,,Equal,/,,Pos,Q,?,Qing
87,Jun,0.6086469188295759,0.4017300774861134,0.786545651467382,,Equal,/,,Pos,,?,Qing
88,Jun,0.006665483927976296,0.0015815234981086045,0.026356208691077312,,Equal,/,,Neg,Pos,?,Qing
89,Jun,0.0252725441142252,0.0032236145254318535,0.14100826135454003,,Equal,/,,Neg,Q,?,Qing
90,Jun,0.2639917370397814,0.14203554982758146,0.43776531516265194,,Equal,/,,Neg,,?,Qing
91,Jun,0.0025508209572697367,5.266016281182038e-4,0.011693471367404666,,Equal,/,,Q,Pos,?,Qing
92,Jun,0.010354695969812026,0.0012463972766048863,0.06927096820800777,,Equal,/,,Q,Q,?,Qing
93,Jun,0.1279126007325292,0.05020400592641286,0.2816109490879575,,Equal,/,,Q,,?,Qing
94,Jun,0.00751096155584065,0.0018955997347647933,0.027652681561519073,,Equal,/,,,Pos,?,Qing
95,Jun,0.02822445169562801,0.0035966558666852434,0.14854562522418396,,Equal,/,,,Q,?,Qing
96,Jun,0.2845187616505256,0.1613389734336685,0.4655791340007169,,Equal,/,,,,?,Qing
97,Jun,0.037345321099392155,0.00864785255516596,0.13291361370829108,,Equal,Y,Yes,Pos,Pos,?,Qing
98,Jun,0.10320807160903898,0.012967447687177776,0.4507007664584247,,Equal,Y,Yes,Pos,Q,?,Qing
99,Jun,0.5706402318728443,0.31165061417500683,0.7802909363682611,,Equal,Y,Yes,Pos,,?,Qing
100,Jun,0.007851373398759241,0.001754859843902801,0.029134456367796796,,Equal,Y,Yes,Neg,Pos,?,Qing
101,Jun,0.02216650307499486,0.00282764916615734,0.13057023780752272,,Equal,Y,Yes,Neg,Q,?,Qing
102,Jun,0.1947118711481261,0.07962492480311427,0.3837467825014371,,Equal,Y,Yes,Neg,,?,Qing
103,Jun,0.004330965464518395,8.863627897019875e-4,0.018484220624424806,,Equal,Y,Yes,Q,Pos,?,Qing
104,Jun,0.014964518771099906,0.0018049774255426063,0.10056979404381242,,Equal,Y,Yes,Q,Q,?,Qing
105,Jun,0.1649296014020585,0.0627855323426588,0.36647964618284123,,Equal,Y,Yes,Q,,?,Qing
106,Jun,0.009581930706728338,0.0021678448137305525,0.032695170363082206,,Equal,Y,Yes,,Pos,?,Qing
107,Jun,0.025497384201080393,0.0033130283656153795,0.14964648567743746,,Equal,Y,Yes,,Q,?,Qing
108,Jun,0.22758674048670624,0.09133582774087785,0.4291018410289592,,Equal,Y,Yes,,,?,Qing
109,Jun,0.0206098154859567,0.004891898176168608,0.07049868582408306,,Equal,Y,,Pos,Pos,?,Qing
110,Jun,0.06916288327432153,0.009404533189054393,0.3391378284429014,,Equal,Y,,Pos,Q,?,Qing
111,Jun,0.5194277670498626,0.32357228750639655,0.7025799085073495,,Equal,Y,,Pos,,?,Qing
112,Jun,0.0048128102361251045,0.0011194642022563832,0.0175622712345192,,Equal,Y,,Neg,Pos,?,Qing
113,Jun,0.018014288811338448,0.0023932944147410052,0.10143973718749055,,Equal,Y,,Neg,Q,?,Qing
114,Jun,0.19870363769467558,0.10479771204165443,0.33531879494361494,,Equal,Y,,Neg,,?,Qing
115,Jun,0.0017767828246986663,3.748238056621632e-4,0.007573453598941137,,Equal,Y,,Q,Pos,?,Qing
116,Jun,0.006649221271281959,8.554053894904497e-4,0.04985544736467835,,Equal,Y,,Q,Q,?,Qing
117,Jun,0.0900151144913936,0.0351499870618859,0.20842476616485398,,Equal,Y,,Q,,?,Qing
118,Jun,0.005324546398478194,0.0013140833583030734,0.018503294777234235,,Equal,Y,,,Pos,?,Qing
119,Jun,0.019769248585283748,0.0026793848161505516,0.11432799763189226,,Equal,Y,,,Q,?,Qing
120,Jun,0.2148015554212072,0.11812194536935025,0.3682299490338409,,Equal,Y,,,,?,Qing
121,Jun,0.17910800581579545,0.03418582081035401,0.5193453603863387,,Equal,N,Yes,Pos,Pos,?,Qing
122,Jun,0.3725980224550558,0.05430337332464803,0.8339288343258251,,Equal,N,Yes,Pos,Q,?,Qing
123,Jun,0.7723808857062154,0.3381492544185021,0.9360701664169452,,Equal,N,Yes,Pos,,?,Qing
124,Jun,0.03746847429333111,0.00594739679045062,0.16021231037696199,,Equal,N,Yes,Neg,Pos,?,Qing
125,Jun,0.09923626401872684,0.009848057676051786,0.4634748164125947,,Equal,N,Yes,Neg,Q,?,Qing
126,Jun,0.31396458013606343,0.06794922008375863,0.6766670514787069,,Equal,N,Yes,Neg,,?,Qing
127,Jun,0.04098831730896896,0.007638825619533554,0.16153981462153472,,Equal,N,Yes,Q,Pos,?,Qing
128,Jun,0.11590227346541748,0.014184919309627685,0.5118107809866884,,Equal,N,Yes,Q,Q,?,Qing
129,Jun,0.5765137239267959,0.25178916065042845,0.831162452121192,,Equal,N,Yes,Q,,?,Qing
130,Jun,0.04511113533281677,0.007577962115173031,0.18156069303208305,,Equal,N,Yes,,Pos,?,Qing
131,Jun,0.11400019112445997,0.01200678216167387,0.5033409189657905,,Equal,N,Yes,,Q,?,Qing
132,Jun,0.3630017224685953,0.08804710594560074,0.7214569479802977,,Equal,N,Yes,,,?,Qing
133,Jun,0.212624673593816,0.06040894931184798,0.49983609380540267,,Equal,N,,Pos,Pos,?,Qing
134,Jun,0.4734119914028332,0.10435759265876178,0.8577132527813423,,Equal,N,,Pos,Q,?,Qing
135,Jun,0.924509878149679,0.8350148318460564,0.9679538300633215,,Equal,N,,Pos,,?,Qing
136,Jun,0.05780751538641185,0.015244841051915235,0.18285562329324578,,Equal,N,,Neg,Pos,?,Qing
137,Jun,0.17662746875631274,0.028390936606935452,0.580635212221999,,Equal,N,,Neg,Q,?,Qing
138,Jun,0.7381964238745986,0.567647954052651,0.8612203833282868,,Equal,N,,Neg,,?,Qing
139,Jun,0.025515580035941017,0.005478664386696255,0.09429420647743725,,Equal,N,,Q,Pos,?,Qing
140,Jun,0.09332326093264978,0.012036403728245718,0.41381035269026417,,Equal,N,,Q,Q,?,Qing
141,Jun,0.5794050443988776,0.32976629999861384,0.7858664358954158,,Equal,N,,Q,,?,Qing
142,Jun,0.06698743826982015,0.017785239900850035,0.20009297898469736,,Equal,N,,,Pos,?,Qing
143,Jun,0.18979908689852087,0.032747426314284546,0.6087373658277916,,Equal,N,,,Q,?,Qing
144,Jun,0.7612009641104616,0.5933535690519697,0.8757840179005506,,Equal,N,,,,?,Qing
145,Jun,0.08352693137136416,0.014930213782333215,0.2882762385797848,,Listener,/,Yes,Pos,Pos,?,Qing
146,Jun,0.20515668998615444,0.029204419054360838,0.6752678487659718,,Listener,/,Yes,Pos,Q,?,Qing
147,Jun,0.6712426331746151,0.31714368939832177,0.8758428507845777,,Listener,/,Yes,Pos,,?,Qing
148,Jun,0.032019284753141336,0.005042302585037231,0.11998489881256477,,Listener,/,Yes,Neg,Pos,?,Qing
149,Jun,0.07904016252769029,0.009054695343993127,0.3990324638006293,,Listener,/,Yes,Neg,Q,?,Qing
150,Jun,0.35271844730313473,0.08896324549142184,0.662377014781431,,Listener,/,Yes,Neg,,?,Qing
151,Jun,0.025121088850585914,0.004488954689452346,0.10757171567982614,,Listener,/,Yes,Q,Pos,?,Qing
152,Jun,0.07640988785300706,0.009879259279762975,0.39199337956117486,,Listener,/,Yes,Q,Q,?,Qing
153,Jun,0.4931141859525938,0.20159678574723539,0.7628076403709496,,Listener,/,Yes,Q,,?,Qing
154,Jun,0.030499142542150776,0.005278111367051909,0.11700155942668519,,Listener,/,Yes,,Pos,?,Qing
155,Jun,0.07958840190951161,0.010073175622629302,0.38592710334143127,,Listener,/,Yes,,Q,?,Qing
156,Jun,0.3708673554296822,0.10720604462635908,0.6734220429222567,,Listener,/,Yes,,,?,Qing
157,Jun,0.0064110681934690435,8.348850295682847e-4,0.04053498018922524,,Listener,/,,Pos,Pos,?,Qing
158,Jun,0.042893341507973096,0.0044614030202425135,0.277052446240423,,Listener,/,,Pos,Q,?,Qing
159,Jun,0.14586673849614612,0.0449695409591789,0.3595286381934108,,Listener,/,,Pos,,?,Qing
160,Jun,0.015390813204671793,0.0032184512469411305,0.06236414376867812,,Listener,/,,Neg,Pos,?,Qing
161,Jun,0.05820105673845839,0.008126999873543005,0.27912703662802446,,Listener,/,,Neg,Q,?,Qing
162,Jun,0.4372639181284328,0.2407741533280427,0.6435294773837388,,Listener,/,,Neg,,?,Qing
163,Jun,0.006152452886544626,9.521933095253773e-4,0.02977295757565533,,Listener,/,,Q,Pos,?,Qing
164,Jun,0.023735868784539524,0.0028531643397695207,0.16120700838822982,,Listener,/,,Q,Q,?,Qing
165,Jun,0.22787278347128687,0.07547598737988918,0.49344149384589475,,Listener,/,,Q,,?,Qing
166,Jun,0.006199029675390861,0.0010461559565377587,0.028969112852142986,,Listener,/,,,Pos,?,Qing
167,Jun,0.028891183001426138,0.00401550844429757,0.17710845218181612,,Listener,/,,,Q,?,Qing
168,Jun,0.17771629402183975,0.0708302643981239,0.36759696215755794,,Listener,/,,,,?,Qing
169,Jun,0.09993073911616532,0.02153707542409686,0.32089147207406343,,Listener,Y,Yes,Pos,Pos,?,Qing
170,Jun,0.2767228649769924,0.045907318452619736,0.7132936903716124,,Listener,Y,Yes,Pos,Q,?,Qing
171,Jun,0.8287877245297123,0.6343117520954791,0.9258838369610437,,Listener,Y,Yes,Pos,,?,Qing
172,Jun,0.051839980641814956,0.012811413454289055,0.16584378637961028,,Listener,Y,Yes,Neg,Pos,?,Qing
173,Jun,0.15264361249537978,0.022551745769353114,0.525380019109016,,Listener,Y,Yes,Neg,Q,?,Qing
174,Jun,0.7133397927145382,0.5323103810272147,0.8514480702230922,,Listener,Y,Yes,Neg,,?,Qing
175,Jun,0.020070727844272274,0.003979160376574852,0.07877975390284603,,Listener,Y,Yes,Q,Pos,?,Qing
176,Jun,0.06868374181648834,0.00893457342749936,0.3359655994981208,,Listener,Y,Yes,Q,Q,?,Qing
177,Jun,0.5168467298216238,0.2713974945562174,0.7470171994780016,,Listener,Y,Yes,Q,,?,Qing
178,Jun,0.044170292601634575,0.010854960080883526,0.14148239847703922,,Listener,Y,Yes,,Pos,?,Qing
179,Jun,0.12812526287338055,0.020578369967158356,0.4735035867131935,,Listener,Y,Yes,,Q,?,Qing
180,Jun,0.6796958445130142,0.4880779024068249,0.8257177475136959,,Listener,Y,Yes,,,?,Qing
181,Jun,0.0031803722133380242,3.930535603454882e-4,0.01946563268521236,,Listener,Y,,Pos,Pos,?,Qing
182,Jun,0.021508214671139975,0.0023451587652490442,0.1589081848716408,,Listener,Y,,Pos,Q,?,Qing
183,Jun,0.07750899448644374,0.021849052372610447,0.21378194966581632,,Listener,Y,,Pos,,?,Qing
184,Jun,0.008601819531091692,0.001865413344198382,0.03466444232954381,,Listener,Y,,Neg,Pos,?,Qing
185,Jun,0.033473904846261164,0.004535811852854751,0.17005796333721596,,Listener,Y,,Neg,Q,?,Qing
186,Jun,0.3047813389894168,0.15655537599995534,0.49202680718958813,,Listener,Y,,Neg,,?,Qing
187,Jun,0.003301808143878737,5.045641147390932e-4,0.015789714295045002,,Listener,Y,,Q,Pos,?,Qing
188,Jun,0.01277729539148005,0.0015302729774304149,0.08937206893210746,,Listener,Y,,Q,Q,?,Qing
189,Jun,0.13403831227746607,0.04138833806357359,0.32776147647086185,,Listener,Y,,Q,,?,Qing
190,Jun,0.0032227710720868098,5.754846233130718e-4,0.015660406150909613,,Listener,Y,,,Pos,?,Qing
191,Jun,0.015444387132686196,0.002094123715688715,0.10070180337781964,,Listener,Y,,,Q,?,Qing
192,Jun,0.1043362681665325,0.039927367488517364,0.21765844387736885,,Listener,Y,,,,?,Qing
193,Jun,0.4602421714150893,0.13612246634668496,0.7935576215005554,,Listener,N,Yes,Pos,Pos,?,Qing
194,Jun,0.7290265318261224,0.2502648020845397,0.9485242029789905,,Listener,N,Yes,Pos,Q,?,Qing
195,Jun,0.9679567679516727,0.8994173888966485,0.9893354511016724,,Listener,N,Yes,Pos,,?,Qing
196,Jun,0.2347794887210231,0.058320838942915655,0.5725317350460404,,Listener,N,Yes,Neg,Pos,?,Qing
197,Jun,0.4919297222847609,0.1003255877013369,0.8685859470733195,,Listener,N,Yes,Neg,Q,?,Qing
198,Jun,0.9049363006648146,0.7418098260630842,0.9698646547257268,,Listener,N,Yes,Neg,,?,Qing
199,Jun,0.13628052716285702,0.02942992088223128,0.4299366923789973,,Listener,N,Yes,Q,Pos,?,Qing
200,Jun,0.3489023863100271,0.06159994426556763,0.8115985323918284,,Listener,N,Yes,Q,Q,?,Qing
201,Jun,0.8776240117776222,0.6726993193759765,0.9613302489987369,,Listener,N,Yes,Q,,?,Qing
202,Jun,0.22497356291584453,0.056304973093898224,0.5510314234576698,,Listener,N,Yes,,Pos,?,Qing
203,Jun,0.4779881733603273,0.10003358077389549,0.8537283590978547,,Listener,N,Yes,,Q,?,Qing
204,Jun,0.9073335855876076,0.7546871624932254,0.9674726228377999,,Listener,N,Yes,,,?,Qing
205,Jun,0.049353316981975676,0.0074966836564626166,0.23610903553552645,,Listener,N,,Pos,Pos,?,Qing
206,Jun,0.24812466668058442,0.032361366973545407,0.7232430028551513,,Listener,N,,Pos,Q,?,Qing
207,Jun,0.6161895904451038,0.314333248887146,0.8379878619501645,,Listener,N,,Pos,,?,Qing
208,Jun,0.08481585393317415,0.019856703451604178,0.28266860946333267,,Listener,N,,Neg,Pos,?,Qing
209,Jun,0.26785998166045766,0.04706077344842404,0.6962482055714129,,Listener,N,,Neg,Q,?,Qing
210,Jun,0.8262481175417511,0.6685761373957115,0.9213717102729954,,Listener,N,,Neg,,?,Qing
211,Jun,0.03334604987322195,0.005883752543192469,0.14751275103275568,,Listener,N,,Q,Pos,?,Qing
212,Jun,0.12259337841027546,0.015668244497169203,0.5082744315831952,,Listener,N,,Q,Q,?,Qing
213,Jun,0.6258423431886918,0.334051381799313,0.8509831682847302,,Listener,N,,Q,,?,Qing
214,Jun,0.04244997439479985,0.00828847781923308,0.16520559634520515,,Listener,N,,,Pos,?,Qing
215,Jun,0.17278149309093999,0.02583446051135779,0.566802648890794,,Listener,N,,,Q,?,Qing
216,Jun,0.6313497929053034,0.40078312476229505,0.8153724934901735,,Listener,N,,,,?,Qing
1,Qing,0.6236309759930876,0.17040379546185866,0.9166827607692649,,Speaker,/,Yes,Pos,Pos,?,Qing
2,Qing,0.460780175428135,0.06853224885566135,0.9110473296131516,,Speaker,/,Yes,Pos,Q,?,Qing
3,Qing,0.08055853166195875,0.018491589737937856,0.23349371344046524,,Speaker,/,Yes,Pos,,?,Qing
4,Qing,0.5776753267974128,0.1077002944496482,0.9279284288273106,,Speaker,/,Yes,Neg,Pos,?,Qing
5,Qing,0.5523713000089412,0.059663122530325685,0.9449519998494091,,Speaker,/,Yes,Neg,Q,?,Qing
6,Qing,0.08111032219300027,0.013340634052444334,0.30156944400811864,,Speaker,/,Yes,Neg,,?,Qing
7,Qing,0.9664877142660072,0.7553950770824139,0.9949970645428305,,Speaker,/,Yes,Q,Pos,?,Qing
8,Qing,0.9284460177369096,0.527329480216353,0.99349949758693,,Speaker,/,Yes,Q,Q,?,Qing
9,Qing,0.5713993640532962,0.21260707755857705,0.8337305499314163,,Speaker,/,Yes,Q,,?,Qing
10,Qing,0.5993829120087732,0.1258183813321338,0.9307737701088776,,Speaker,/,Yes,,Pos,?,Qing
11,Qing,0.5562051550363585,0.0702654322650598,0.9457093789782142,,Speaker,/,Yes,,Q,?,Qing
12,Qing,0.08761820563977277,0.016074379018079198,0.2997234480829858,,Speaker,/,Yes,,,?,Qing
13,Qing,0.959882850721645,0.8601174816294215,0.9903292869370771,,Speaker,/,,Pos,Pos,?,Qing
14,Qing,0.8914377678047762,0.5460244219479699,0.9866816631889099,,Speaker,/,,Pos,Q,?,Qing
15,Qing,0.48603200363714766,0.2963900583764887,0.6795626682783424,,Speaker,/,,Pos,,?,Qing
16,Qing,0.9887952424148294,0.9559446165187643,0.9975792149248057,,Speaker,/,,Neg,Pos,?,Qing
17,Qing,0.9686484860230029,0.8222647481606208,0.9962076185900957,,Speaker,/,,Neg,Q,?,Qing
18,Qing,0.7840684402518023,0.6143696013281643,0.885616251140172,,Speaker,/,,Neg,,?,Qing
19,Qing,0.9971951988542782,0.9882659175340154,0.9994246198737666,,Speaker,/,,Q,Pos,?,Qing
20,Qing,0.9909909322256756,0.9423421940609645,0.9989350350321637,,Speaker,/,,Q,Q,?,Qing
21,Qing,0.9173669712486539,0.809532929777175,0.9660331455920451,,Speaker,/,,Q,,?,Qing
22,Qing,0.9859115627943926,0.947325625724141,0.9967085581352086,,Speaker,/,,,Pos,?,Qing
23,Qing,0.9634665630001185,0.7900915772958286,0.995544794548943,,Speaker,/,,,Q,?,Qing
24,Qing,0.7688319269046037,0.6014656399027145,0.8734500710888663,,Speaker,/,,,,?,Qing
25,Qing,0.5028350033492301,0.11444391660719797,0.8653523204854872,,Speaker,Y,Yes,Pos,Pos,?,Qing
26,Qing,0.3603834491320451,0.04380800025609499,0.86946604987644,,Speaker,Y,Yes,Pos,Q,?,Qing
27,Qing,0.060985056497386995,0.013943361096655752,0.18243768258163234,,Speaker,Y,Yes,Pos,,?,Qing
28,Qing,0.48927979789027665,0.09071688494211327,0.897511666888809,,Speaker,Y,Yes,Neg,Pos,?,Qing
29,Qing,0.47580612791523536,0.05002804733974762,0.9269865018304259,,Speaker,Y,Yes,Neg,Q,?,Qing
30,Qing,0.0565345137120516,0.011026379374300028,0.21595904301521518,,Speaker,Y,Yes,Neg,,?,Qing
31,Qing,0.949634415588207,0.6847141780050492,0.9922061097604857,,Speaker,Y,Yes,Q,Pos,?,Qing
32,Qing,0.8982136810530448,0.4472638245984038,0.9901056436944375,,Speaker,Y,Yes,Q,Q,?,Qing
33,Qing,0.4957732542661335,0.168184812793713,0.7787845675150186,,Speaker,Y,Yes,Q,,?,Qing
34,Qing,0.5044506454775668,0.10558457370981421,0.8900202253444932,,Speaker,Y,Yes,,Pos,?,Qing
35,Qing,0.47769838049075153,0.053413525961910166,0.9226104589365131,,Speaker,Y,Yes,,Q,?,Qing
36,Qing,0.06301237109461427,0.013025603369851665,0.2286271819575465,,Speaker,Y,Yes,,,?,Qing
37,Qing,0.7726733317678554,0.3632527859283779,0.9466425729197621,,Speaker,Y,,Pos,Pos,?,Qing
38,Qing,0.7293347475776472,0.2409379325924696,0.9652288400548996,,Speaker,Y,,Pos,Q,?,Qing
39,Qing,0.303460214600806,0.15090557390287962,0.5106670870548731,,Speaker,Y,,Pos,,?,Qing
40,Qing,0.9709340600752305,0.8848966341412754,0.9931904961605398,,Speaker,Y,,Neg,Pos,?,Qing
41,Qing,0.9446869198204606,0.6836024444569824,0.9935480524434543,,Speaker,Y,,Neg,Q,?,Qing
42,Qing,0.7125151058678922,0.529681618424289,0.8393927591821921,,Speaker,Y,,Neg,,?,Qing
43,Qing,0.9904466075216027,0.9428265591351295,0.9981111115344307,,Speaker,Y,,Q,Pos,?,Qing
44,Qing,0.9803836028128949,0.8676348008323148,0.9980249795553404,,Speaker,Y,,Q,Q,?,Qing
45,Qing,0.8603423773793412,0.6930861883148535,0.9436382776740628,,Speaker,Y,,Q,,?,Qing
46,Qing,0.9355240306552026,0.7355135938416841,0.9842880439245173,,Speaker,Y,,,Pos,?,Qing
47,Qing,0.9125628311591805,0.5451852159692893,0.990194169709496,,Speaker,Y,,,Q,?,Qing
48,Qing,0.6434589987292708,0.4476357479474131,0.7918812735190945,,Speaker,Y,,,,?,Qing
49,Qing,0.08930987558701577,0.012465632081719837,0.35632984418966884,,Speaker,N,Yes,Pos,Pos,?,Qing
50,Qing,0.03926437635041277,0.0034814752647354162,0.34722422316427487,,Speaker,N,Yes,Pos,Q,?,Qing
51,Qing,0.004478156665931685,9.723361805305095e-4,0.01597509474781826,,Speaker,N,Yes,Pos,,?,Qing
52,Qing,0.08356322998400303,0.00844651532014652,0.4529436721638245,,Speaker,N,Yes,Neg,Pos,?,Qing
53,Qing,0.07130234653745365,0.004747248860942109,0.49042615345070034,,Speaker,N,Yes,Neg,Q,?,Qing
54,Qing,0.005579275171672099,9.323689442186735e-4,0.024436736542093242,,Speaker,N,Yes,Neg,,?,Qing
55,Qing,0.6132240850052161,0.16238444934182888,0.9087640435810694,,Speaker,N,Yes,Q,Pos,?,Qing
56,Qing,0.381235471333766,0.05398312992828132,0.8723076243316199,,Speaker,N,Yes,Q,Q,?,Qing
57,Qing,0.060656659463385526,0.012846445393518036,0.18814521632097406,,Speaker,N,Yes,Q,,?,Qing
58,Qing,0.09217414377254882,0.010180711481748494,0.43612812173043203,,Speaker,N,Yes,,Pos,?,Qing
59,Qing,0.07156995197450997,0.004635325538741478,0.47085906418283024,,Speaker,N,Yes,,Q,?,Qing
60,Qing,0.006145073528531565,0.0010226249982197581,0.024919315925885165,,Speaker,N,Yes,,,?,Qing
61,Qing,0.574776913428596,0.27335885647346414,0.8413121715587399,,Speaker,N,,Pos,Pos,?,Qing
62,Qing,0.27583911175157816,0.05128442661587556,0.7688992549443984,,Speaker,N,,Pos,Q,?,Qing
63,Qing,0.03654383455111096,0.014887915103872605,0.08404862290646137,,Speaker,N,,Pos,,?,Qing
64,Qing,0.8232933899280386,0.5577679410191686,0.9479396883847406,,Speaker,N,,Neg,Pos,?,Qing
65,Qing,0.5975822041852743,0.1638630073907988,0.9230620642383887,,Speaker,N,,Neg,Q,?,Qing
66,Qing,0.13459816761273763,0.06296566172868209,0.2483504350970402,,Speaker,N,,Neg,,?,Qing
67,Qing,0.9457893475155186,0.816002360066658,0.9872593224515913,,Speaker,N,,Q,Pos,?,Qing
68,Qing,0.8273892740301486,0.4089952142782438,0.9767530832383525,,Speaker,N,,Q,Q,?,Qing
69,Qing,0.3067377620854833,0.1424275703747516,0.5334712756053772,,Speaker,N,,Q,,?,Qing
70,Qing,0.8061889252884749,0.5374271276041843,0.937322193623478,,Speaker,N,,,Pos,?,Qing
71,Qing,0.5569218156267004,0.15683230922036195,0.9174028648593382,,Speaker,N,,,Q,?,Qing
72,Qing,0.12134566894077453,0.05845196349995417,0.23102614635337437,,Speaker,N,,,,?,Qing
73,Qing,0.7481988688694103,0.3515438962704432,0.9384940140559711,,Equal,/,Yes,Pos,Pos,?,Qing
74,Qing,0.5222368635973568,0.10323266773586473,0.912302089936676,,Equal,/,Yes,Pos,Q,?,Qing
75,Qing,0.10274958528627434,0.032641416376669,0.2463514373667663,,Equal,/,Yes,Pos,,?,Qing
76,Qing,0.8244190090367589,0.35684801082262974,0.965374455890806,,Equal,/,Yes,Neg,Pos,?,Qing
77,Qing,0.7094761672194367,0.17805441504587288,0.9630013620249127,,Equal,/,Yes,Neg,Q,?,Qing
78,Qing,0.19211818585472695,0.048551072354126604,0.43498822941390747,,Equal,/,Yes,Neg,,?,Qing
79,Qing,0.9775818705821109,0.8776032362951232,0.9957371423001378,,Equal,/,Yes,Q,Pos,?,Qing
80,Qing,0.9312778007760865,0.6210116616610892,0.9930506481531186,,Equal,/,Yes,Q,Q,?,Qing
81,Qing,0.5903049858481667,0.2756159302863372,0.818575019204869,,Equal,/,Yes,Q,,?,Qing
82,Qing,0.8208003788190827,0.3978266295381291,0.9649668408546576,,Equal,/,Yes,,Pos,?,Qing
83,Qing,0.7007563275785811,0.17806071077667246,0.9613530861227292,,Equal,/,Yes,,Q,?,Qing
84,Qing,0.19576678575231116,0.05310537803910256,0.4255219715846405,,Equal,/,Yes,,,?,Qing
85,Qing,0.9522993966172955,0.8374839994811315,0.9888222819532838,,Equal,/,,Pos,Pos,?,Qing
86,Qing,0.8489203389381028,0.47474375332625735,0.9807162101397126,,Equal,/,,Pos,Q,?,Qing
87,Qing,0.360032271274198,0.1883648615179907,0.5756823035610645,,Equal,/,,Pos,,?,Qing
88,Qing,0.9887986579328285,0.9578506619049167,0.9973718183108558,,Equal,/,,Neg,Pos,?,Qing
89,Qing,0.9620583843799599,0.798027986397207,0.9954191197275303,,Equal,/,,Neg,Q,?,Qing
90,Qing,0.7073563302465193,0.5205040048528576,0.8416910364564505,,Equal,/,,Neg,,?,Qing
91,Qing,0.9964827376180897,0.9838895540303484,0.9992417410985869,,Equal,/,,Q,Pos,?,Qing
92,Qing,0.9868457947463805,0.9177317113141352,0.9984531339189966,,Equal,/,,Q,Q,?,Qing
93,Qing,0.8665625131121356,0.7034325799660157,0.9478443069599614,,Equal,/,,Q,,?,Qing
94,Qing,0.9862168320394451,0.9528584597223089,0.9966013792413784,,Equal,/,,,Pos,?,Qing
95,Qing,0.9562242988286718,0.7665267506119506,0.9944583118180079,,Equal,/,,,Q,?,Qing
96,Qing,0.6871878584290716,0.493107559554527,0.8244065825666483,,Equal,/,,,,?,Qing
97,Qing,0.8439635551790019,0.5185087121911756,0.9623765409133036,,Equal,Y,Yes,Pos,Pos,?,Qing
98,Qing,0.6396910010894966,0.16237882756052605,0.9439106812914728,,Equal,Y,Yes,Pos,Q,?,Qing
99,Qing,0.1626023494576817,0.05836276375296651,0.3359547716272789,,Equal,Y,Yes,Pos,,?,Qing
100,Qing,0.9040033758973443,0.5759932237799367,0.9812612414648748,,Equal,Y,Yes,Neg,Pos,?,Qing
101,Qing,0.8257179959436999,0.29698963687071017,0.9771679960386624,,Equal,Y,Yes,Neg,Q,?,Qing
102,Qing,0.3198595699370982,0.10651741495102247,0.5885336162863521,,Equal,Y,Yes,Neg,,?,Qing
103,Qing,0.986593139918591,0.9301660607038547,0.9973843062438387,,Equal,Y,Yes,Q,Pos,?,Qing
104,Qing,0.9561666529317732,0.7375671177701202,0.9955794663035046,,Equal,Y,Yes,Q,Q,?,Qing
105,Qing,0.6949690502220306,0.40403440762657866,0.8768661263554796,,Equal,Y,Yes,Q,,?,Qing
106,Qing,0.9048267342655734,0.5944766587916928,0.980821555079652,,Equal,Y,Yes,,Pos,?,Qing
107,Qing,0.8154203532526464,0.2996057414540858,0.9758091917248697,,Equal,Y,Yes,,Q,?,Qing
108,Qing,0.3134671144373957,0.11201626215042203,0.567910987051312,,Equal,Y,Yes,,,?,Qing
109,Qing,0.9664243316655354,0.8867497202431407,0.9918484488893584,,Equal,Y,,Pos,Pos,?,Qing
110,Qing,0.8996849219106151,0.5613948635865019,0.9876342687242915,,Equal,Y,,Pos,Q,?,Qing
111,Qing,0.45458576590972105,0.2665139668909627,0.6535934790964988,,Equal,Y,,Pos,,?,Qing
112,Qing,0.9929356183542051,0.9739709573079257,0.9982575871280489,,Equal,Y,,Neg,Pos,?,Qing
113,Qing,0.9756418071695734,0.8576050172913485,0.9969448357074533,,Equal,Y,,Neg,Q,?,Qing
114,Qing,0.7880350280327707,0.6387972222972027,0.8847197364551058,,Equal,Y,,Neg,,?,Qing
115,Qing,0.9975318884691199,0.9894608953146911,0.9994675436339249,,Equal,Y,,Q,Pos,?,Qing
116,Qing,0.9915532787881474,0.9414784576856833,0.9989750541689342,,Equal,Y,,Q,Q,?,Qing
117,Qing,0.904891255300466,0.7825287528569012,0.9634359698067543,,Equal,Y,,Q,,?,Qing
118,Qing,0.9909378423062147,0.968395268166011,0.9976469044520077,,Equal,Y,,,Pos,?,Qing
119,Qing,0.9714743549764946,0.8371920527170642,0.9963121480314274,,Equal,Y,,,Q,?,Qing
120,Qing,0.7666224813390015,0.6073833981017687,0.8732367208955157,,Equal,Y,,,,?,Qing
121,Qing,0.22115531196745414,0.046331240320909434,0.5966333991398917,,Equal,N,Yes,Pos,Pos,?,Qing
122,Qing,0.08869093321255078,0.009913573121465666,0.5137119075990202,,Equal,N,Yes,Pos,Q,?,Qing
123,Qing,0.010813168376656622,0.0028305429874642086,0.03352084213117464,,Equal,N,Yes,Pos,,?,Qing
124,Qing,0.3033116834627976,0.045550694776982606,0.7380356703155232,,Equal,N,Yes,Neg,Pos,?,Qing
125,Qing,0.1815740778825852,0.017650218175916055,0.7160854367532847,,Equal,N,Yes,Neg,Q,?,Qing
126,Qing,0.022206710566715263,0.004422783038144152,0.07632328239299961,,Equal,N,Yes,Neg,,?,Qing
127,Qing,0.8075968858091571,0.3982645536886211,0.9576219531529382,,Equal,N,Yes,Q,Pos,?,Qing
128,Qing,0.561174596206191,0.12236897383747834,0.9355103129262103,,Equal,N,Yes,Q,Q,?,Qing
129,Qing,0.1183637829995415,0.033212908552596614,0.31794901949946985,,Equal,N,Yes,Q,,?,Qing
130,Qing,0.3153397137003112,0.05129118402317963,0.7311866066470873,,Equal,N,Yes,,Pos,?,Qing
131,Qing,0.1776880924149089,0.017245991842715507,0.7123876177760984,,Equal,N,Yes,,Q,?,Qing
132,Qing,0.02225057539044499,0.004550794804764468,0.07221030064914165,,Equal,N,Yes,,,?,Qing
133,Qing,0.6896714438625118,0.3841019383116083,0.8996214278672439,,Equal,N,,Pos,Pos,?,Qing
134,Qing,0.38066432608493894,0.08043942137680579,0.8435757601528038,,Equal,N,,Pos,Q,?,Qing
135,Qing,0.05547458271366057,0.022241550654008103,0.1266038140272234,,Equal,N,,Pos,,?,Qing
136,Qing,0.9006698911615163,0.7152087787453021,0.9717921603876023,,Equal,N,,Neg,Pos,?,Qing
137,Qing,0.7250531882666345,0.2708932611688394,0.956544302414948,,Equal,N,,Neg,Q,?,Qing
138,Qing,0.19790422236937405,0.09917418689756852,0.3548097901482607,,Equal,N,,Neg,,?,Qing
139,Qing,0.9662015887748925,0.8785508047645083,0.9922956309310678,,Equal,N,,Q,Pos,?,Qing
140,Qing,0.88114185301714,0.5177722837324665,0.9854733227666376,,Equal,N,,Q,Q,?,Qing
141,Qing,0.392131931051381,0.19358938179889804,0.6481341886503857,,Equal,N,,Q,,?,Qing
142,Qing,0.8856056657347395,0.6865271683582128,0.9662714744063371,,Equal,N,,,Pos,?,Qing
143,Qing,0.6826883089820648,0.23639283728147115,0.9489440523202234,,Equal,N,,,Q,?,Qing
144,Qing,0.17709785515044685,0.08700134769161132,0.33276992488724133,,Equal,N,,,,?,Qing
145,Qing,0.1661059677973958,0.027791878688700866,0.5588913702074025,,Listener,/,Yes,Pos,Pos,?,Qing
146,Qing,0.09215027176667522,0.009334129292816767,0.5391545399526818,,Listener,/,Yes,Pos,Q,?,Qing
147,Qing,0.014595244686765766,0.0038058417327498143,0.04928971375653353,,Listener,/,Yes,Pos,,?,Qing
148,Qing,0.3813021714272311,0.06963028852629902,0.8145898477787247,,Listener,/,Yes,Neg,Pos,?,Qing
149,Qing,0.253527847803789,0.030060039529099473,0.7935636635229031,,Listener,/,Yes,Neg,Q,?,Qing
150,Qing,0.035055788506968215,0.007745682806254102,0.1294500440631323,,Listener,/,Yes,Neg,,?,Qing
151,Qing,0.7923777160934494,0.3663270352557778,0.9624081445305477,,Listener,/,Yes,Q,Pos,?,Qing
152,Qing,0.6245686448977148,0.14084787279799066,0.9500046839707558,,Listener,/,Yes,Q,Q,?,Qing
153,Qing,0.16197614792456622,0.04197586099421748,0.4160267356568775,,Listener,/,Yes,Q,,?,Qing
154,Qing,0.30502694146495424,0.053405471791295435,0.7465314773233908,,Listener,/,Yes,,Pos,?,Qing
155,Qing,0.21364407481476252,0.024401199916663917,0.7621009443932016,,Listener,/,Yes,,Q,?,Qing
156,Qing,0.032512605688849706,0.007424204725216927,0.11487098364274839,,Listener,/,Yes,,,?,Qing
157,Qing,0.0395659144503378,0.004038440111557915,0.25700215656063263,,Listener,/,,Pos,Pos,?,Qing
158,Qing,0.08868227999552991,0.0059060273855110965,0.553420009424049,,Listener,/,,Pos,Q,?,Qing
159,Qing,0.010742491253154969,0.0024372629730121903,0.03894000240610922,,Listener,/,,Pos,,?,Qing
160,Qing,0.6120780888605775,0.16916121097298661,0.8959358986987904,,Listener,/,,Neg,Pos,?,Qing
161,Qing,0.5905257706359122,0.1133577442911772,0.9342812327979495,,Listener,/,,Neg,Q,?,Qing
162,Qing,0.16929123732940587,0.06330428270945355,0.3604669090099066,,Listener,/,,Neg,,?,Qing
163,Qing,0.7495948300753769,0.18280075953729175,0.9609720958072937,,Listener,/,,Q,Pos,?,Qing
164,Qing,0.7501730889195706,0.19288554197088312,0.9715194297434505,,Listener,/,,Q,Q,?,Qing
165,Qing,0.26040465931532336,0.06870272757038583,0.5771393930282402,,Listener,/,,Q,,?,Qing
166,Qing,0.20921348176788113,0.028189252713763935,0.646821205801374,,Listener,/,,,Pos,?,Qing
167,Qing,0.31850954167519835,0.03398112031595869,0.8473024107087612,,Listener,/,,,Q,?,Qing
168,Qing,0.057900399069995404,0.017028611836243747,0.16785555306210398,,Listener,/,,,,?,Qing
169,Qing,0.43839975178890145,0.12552310952335705,0.7894052378855555,,Listener,Y,Yes,Pos,Pos,?,Qing
170,Qing,0.2761829639973419,0.04063726167580165,0.777369259680649,,Listener,Y,Yes,Pos,Q,?,Qing
171,Qing,0.0448568934924292,0.015733548427672907,0.10856752497457652,,Listener,Y,Yes,Pos,,?,Qing
172,Qing,0.8667920597402015,0.6183000381896481,0.9624413266052056,,Listener,Y,Yes,Neg,Pos,?,Qing
173,Qing,0.6859327609111023,0.23458273365264892,0.9494844272998587,,Listener,Y,Yes,Neg,Q,?,Qing
174,Qing,0.200742030886933,0.09300626539424268,0.3684516510486174,,Listener,Y,Yes,Neg,,?,Qing
175,Qing,0.9384713834665235,0.748494018922792,0.9871778690574149,,Listener,Y,Yes,Q,Pos,?,Qing
176,Qing,0.8510663474352562,0.41426714471629067,0.9827663468266846,,Listener,Y,Yes,Q,Q,?,Qing
177,Qing,0.3708331032535417,0.15966205077061693,0.6387589534519178,,Listener,Y,Yes,Q,,?,Qing
178,Qing,0.7722624774261311,0.4211035350087263,0.9362020914903747,,Listener,Y,Yes,,Pos,?,Qing
179,Qing,0.6015734447391088,0.15103155264863383,0.9343823530226898,,Listener,Y,Yes,,Q,?,Qing
180,Qing,0.164209394176067,0.0712102194025322,0.3164570525099283,,Listener,Y,Yes,,,?,Qing
181,Qing,0.03552715065328985,0.004293100531229183,0.23659089625632462,,Listener,Y,,Pos,Pos,?,Qing
182,Qing,0.112668530918533,0.0058401768068936976,0.6724621646251056,,Listener,Y,,Pos,Q,?,Qing
183,Qing,0.011853672033908618,0.00264577633669016,0.04567257816593494,,Listener,Y,,Pos,,?,Qing
184,Qing,0.675904540779664,0.20612960372551403,0.9232188427416514,,Listener,Y,,Neg,Pos,?,Qing
185,Qing,0.7119297770204811,0.17259005529390184,0.9622329801350804,,Listener,Y,,Neg,Q,?,Qing
186,Qing,0.24522785473715536,0.10371825555606663,0.45708294319991305,,Listener,Y,,Neg,,?,Qing
187,Qing,0.7752796942002214,0.20477624176865966,0.9698829473246224,,Listener,Y,,Q,Pos,?,Qing
188,Qing,0.8247492162904815,0.23492982188027417,0.9833196192565025,,Listener,Y,,Q,Q,?,Qing
189,Qing,0.33691010269793487,0.09420019524436525,0.6662620106139785,,Listener,Y,,Q,,?,Qing
190,Qing,0.20334887487143324,0.03136316291054227,0.6493557458661976,,Listener,Y,,,Pos,?,Qing
191,Qing,0.4131515121129967,0.04001767844242499,0.905434790605253,,Listener,Y,,,Q,?,Qing
192,Qing,0.0699372268880677,0.020187786980434642,0.18265583056510803,,Listener,Y,,,,?,Qing
193,Qing,0.15216579493682944,0.033006891056739,0.4798888003355558,,Listener,N,Yes,Pos,Pos,?,Qing
194,Qing,0.05553799147124358,0.006310574484130191,0.3737660140926842,,Listener,N,Yes,Pos,Q,?,Qing
195,Qing,0.006521714629842022,0.0017776209478825315,0.019102635347160467,,Listener,N,Yes,Pos,,?,Qing
196,Qing,0.4454062439644031,0.13480220981292879,0.7980280573019966,,Listener,N,Yes,Neg,Pos,?,Qing
197,Qing,0.20494484134538388,0.028575514618373588,0.7033865101655061,,Listener,N,Yes,Neg,Q,?,Qing
198,Qing,0.02398977077540175,0.007600788077787393,0.07391218952227004,,Listener,N,Yes,Neg,,?,Qing
199,Qing,0.7218434522507111,0.3163638155732314,0.9327193702245885,,Listener,N,Yes,Q,Pos,?,Qing
200,Qing,0.426424285264417,0.07839727474115449,0.8833885381924695,,Listener,N,Yes,Q,Q,?,Qing
201,Qing,0.0685849250181933,0.018921603094563748,0.20654874282549748,,Listener,N,Yes,Q,,?,Qing
202,Qing,0.3794398573886505,0.10685514635535576,0.7508181867235121,,Listener,N,Yes,,Pos,?,Qing
203,Qing,0.16938153685406704,0.022646633692687258,0.6679056950116689,,Listener,N,Yes,,Q,?,Qing
204,Qing,0.021953576756203238,0.006832432228056434,0.06512829443234858,,Listener,N,Yes,,,?,Qing
205,Qing,0.06062539431557952,0.007815038018589373,0.30378657590139874,,Listener,N,,Pos,Pos,?,Qing
206,Qing,0.06721380622419026,0.005194021847444086,0.4350198861679858,,Listener,N,,Pos,Q,?,Qing
207,Qing,0.008821118638650045,0.0024260792365535322,0.028984611277445883,,Listener,N,,Pos,,?,Qing
208,Qing,0.567437931453989,0.20374094878751892,0.875187646858827,,Listener,N,,Neg,Pos,?,Qing
209,Qing,0.3909627352643503,0.07221122995686578,0.8590779988370749,,Listener,N,,Neg,Q,?,Qing
210,Qing,0.07275025004197955,0.025599427553327947,0.17676900277723473,,Listener,N,,Neg,,?,Qing
211,Qing,0.7172536721933276,0.23655412044781915,0.9421904213947745,,Listener,N,,Q,Pos,?,Qing
212,Qing,0.5970801237154802,0.12007588931434206,0.9318419648606157,,Listener,N,,Q,Q,?,Qing
213,Qing,0.13116713567580934,0.03728658817713831,0.345841149557561,,Listener,N,,Q,,?,Qing
214,Qing,0.27170167103956283,0.050642131263162714,0.687496106363417,,Listener,N,,,Pos,?,Qing
215,Qing,0.25731374830192527,0.030021562993560177,0.7761682194098449,,Listener,N,,,Q,?,Qing
216,Qing,0.04438466050141114,0.014235413658366348,0.11146563776474228,,Listener,N,,,,?,Qing
1,Gong,2.403203553822997e-6,7.859656878953723e-8,4.6396569691167586e-5,,Speaker,/,Yes,Pos,Pos,?,Qing
2,Gong,1.9090554648403687e-7,3.4169407948642133e-9,1.0319915030494764e-5,,Speaker,/,Yes,Pos,Q,?,Qing
3,Gong,1.325531987143671e-6,6.986641262880144e-8,1.8550638841611403e-5,,Speaker,/,Yes,Pos,,?,Qing
4,Gong,3.02793423263924e-8,8.030424237691113e-10,6.467213543725981e-7,,Speaker,/,Yes,Neg,Pos,?,Qing
5,Gong,2.8963319651544103e-9,3.83581736171559e-11,1.4860681038526825e-7,,Speaker,/,Yes,Neg,Q,?,Qing
6,Gong,1.7124938295642235e-8,8.117764850742645e-10,3.0356281777739345e-7,,Speaker,/,Yes,Neg,,?,Qing
7,Gong,3.975918960867458e-8,7.467080417417435e-10,1.3824494452631412e-6,,Speaker,/,Yes,Q,Pos,?,Qing
8,Gong,4.4079058373188094e-9,4.1883263636590113e-11,3.5437151968768484e-7,,Speaker,/,Yes,Q,Q,?,Qing
9,Gong,5.52951042157802e-8,1.7197407159689998e-9,1.4265244938388648e-6,,Speaker,/,Yes,Q,,?,Qing
10,Gong,3.439887751520135e-7,9.338674861649145e-9,7.2261743728077104e-6,,Speaker,/,Yes,,Pos,?,Qing
11,Gong,3.0906583976791985e-8,4.69257459003536e-10,1.8063095209111082e-6,,Speaker,/,Yes,,Q,?,Qing
12,Gong,2.0451538683044473e-7,1.0467959764180625e-8,3.2825724506062854e-6,,Speaker,/,Yes,,,?,Qing
13,Gong,7.034671348813116e-4,5.03622340488139e-5,0.009885858902579361,,Speaker,/,,Pos,Pos,?,Qing
14,Gong,8.323710494330662e-5,1.8962035649098804e-6,0.003079010795458362,,Speaker,/,,Pos,Q,?,Qing
15,Gong,0.0011373232945962337,1.2747538954491674e-4,0.0070770219635388435,,Speaker,/,,Pos,,?,Qing
16,Gong,1.11445039043239e-5,5.813725410697773e-7,1.7152598327543062e-4,,Speaker,/,,Neg,Pos,?,Qing
17,Gong,1.3637224811509433e-6,2.8593189571780493e-8,5.670285804461756e-5,,Speaker,/,,Neg,Q,?,Qing
18,Gong,2.5559930316832756e-5,2.3806792249481496e-6,1.872430357414906e-4,,Speaker,/,,Neg,,?,Qing
19,Gong,6.471479738330154e-6,1.83064953721682e-7,1.6061711929343147e-4,,Speaker,/,,Q,Pos,?,Qing
20,Gong,9.377208157522736e-7,1.2895526405312627e-8,4.586621449444904e-5,,Speaker,/,,Q,Q,?,Qing
21,Gong,1.683605528708566e-5,9.179568290988445e-7,2.2207893513420416e-4,,Speaker,/,,Q,,?,Qing
22,Gong,1.0738872102167816e-4,7.386688355634565e-6,0.0016434802169507535,,Speaker,/,,,Pos,?,Qing
23,Gong,1.5578867877589438e-5,3.4166133577645417e-7,5.323568951189352e-4,,Speaker,/,,,Q,?,Qing
24,Gong,2.7409482161845194e-4,2.997430624523303e-5,0.0018137364053626174,,Speaker,/,,,,?,Qing
25,Gong,3.683028234178059e-4,1.988318492685606e-5,0.005736583619116647,,Speaker,Y,Yes,Pos,Pos,?,Qing
26,Gong,3.0251723519019757e-5,6.881015641165557e-7,0.0012198735705658097,,Speaker,Y,Yes,Pos,Q,?,Qing
27,Gong,1.9566335333804204e-4,1.7229154495247562e-5,0.0016283933021517855,,Speaker,Y,Yes,Pos,,?,Qing
28,Gong,4.2238651564124616e-6,1.979062736557918e-7,8.012842235715176e-5,,Speaker,Y,Yes,Neg,Pos,?,Qing
29,Gong,4.4241381923259243e-7,8.93785248996329e-9,1.857766675729383e-5,,Speaker,Y,Yes,Neg,Q,?,Qing
30,Gong,2.7969130016296342e-6,1.8727851182744403e-7,2.9206947486143906e-5,,Speaker,Y,Yes,Neg,,?,Qing
31,Gong,7.194192664573861e-6,1.6889124501161715e-7,1.9533015458583574e-4,,Speaker,Y,Yes,Q,Pos,?,Qing
32,Gong,6.506781993320155e-7,1.035060763920598e-8,5.234422143533563e-5,,Speaker,Y,Yes,Q,Q,?,Qing
33,Gong,9.538922753902662e-6,4.1842899124849555e-7,1.7907605378049242e-4,,Speaker,Y,Yes,Q,,?,Qing
34,Gong,5.121376599763312e-5,2.5014769473471908e-6,8.258069514842697e-4,,Speaker,Y,Yes,,Pos,?,Qing
35,Gong,5.344059395054342e-6,1.0192811137257034e-7,1.9256580629935772e-4,,Speaker,Y,Yes,,Q,?,Qing
36,Gong,3.323415956626446e-5,2.293633837667919e-6,3.1383107195771326e-4,,Speaker,Y,Yes,,,?,Qing
37,Gong,0.11663048889465395,0.012426777754020882,0.5462995720634276,,Speaker,Y,,Pos,Pos,?,Qing
38,Gong,0.013377019599690291,4.6490409700763037e-4,0.2615127508491537,,Speaker,Y,,Pos,Q,?,Qing
39,Gong,0.1337680935904773,0.03962252564479325,0.3398096814229715,,Speaker,Y,,Pos,,?,Qing
40,Gong,0.0019425672045608423,1.5745994484545726e-4,0.01883155381174829,,Speaker,Y,,Neg,Pos,?,Qing
41,Gong,2.384344583052278e-4,6.6085484623093e-6,0.006808795666006417,,Speaker,Y,,Neg,Q,?,Qing
42,Gong,0.004186235870763621,8.341467340939009e-4,0.016836189468142214,,Speaker,Y,,Neg,,?,Qing
43,Gong,0.001099653081268872,5.022710553453346e-5,0.018829607467598833,,Speaker,Y,,Q,Pos,?,Qing
44,Gong,1.579775481441182e-4,3.252550403428908e-6,0.006742177155509262,,Speaker,Y,,Q,Q,?,Qing
45,Gong,0.0027964328436119812,2.2984336186001447e-4,0.028321456429747066,,Speaker,Y,,Q,,?,Qing
46,Gong,0.020285814803713553,0.0019021850856949225,0.15521728360725012,,Speaker,Y,,,Pos,?,Qing
47,Gong,0.002616815077657876,8.725746021862372e-5,0.062260784556878945,,Speaker,Y,,,Q,?,Qing
48,Gong,0.04284459596788779,0.010027082412571367,0.12655234179611585,,Speaker,Y,,,,?,Qing
49,Gong,4.2394773657971224e-7,5.872488630622938e-9,1.61495274140648e-5,,Speaker,N,Yes,Pos,Pos,?,Qing
50,Gong,2.5504313324439637e-8,2.7129211598751873e-10,1.8762378017438916e-6,,Speaker,N,Yes,Pos,Q,?,Qing
51,Gong,7.764999894512757e-8,1.912389457924821e-9,2.199168545923128e-6,,Speaker,N,Yes,Pos,,?,Qing
52,Gong,5.294560041328662e-9,6.980272947869782e-11,2.5252052070485436e-7,,Speaker,N,Yes,Neg,Pos,?,Qing
53,Gong,4.448453513772513e-10,4.828547448239914e-12,4.2238957785306475e-8,,Speaker,N,Yes,Neg,Q,?,Qing
54,Gong,1.3866784215341016e-9,2.6507284933433497e-11,4.559140846325007e-8,,Speaker,N,Yes,Neg,,?,Qing
55,Gong,1.572117913966952e-8,1.499450760432632e-10,9.90496965304917e-7,,Speaker,N,Yes,Q,Pos,?,Qing
56,Gong,1.1452567862887882e-9,8.222149945574129e-12,1.4272609986162957e-7,,Speaker,N,Yes,Q,Q,?,Qing
57,Gong,7.060640571071538e-9,1.0855892395422792e-10,3.1250730744364214e-7,,Speaker,N,Yes,Q,,?,Qing
58,Gong,6.593603580487441e-8,8.75015123207879e-10,2.7903162054664335e-6,,Speaker,N,Yes,,Pos,?,Qing
59,Gong,5.032190830316415e-9,5.0241808647333197e-11,4.1632065777659063e-7,,Speaker,N,Yes,,Q,?,Qing
60,Gong,1.507922992479224e-8,3.523451352940639e-10,5.032047712709256e-7,,Speaker,N,Yes,,,?,Qing
61,Gong,3.7172114737255414e-4,1.0904312729838293e-5,0.009225863095604834,,Speaker,N,,Pos,Pos,?,Qing
62,Gong,2.06867932704825e-5,3.8509272635233596e-7,8.840664475140104e-4,,Speaker,N,,Pos,Q,?,Qing
63,Gong,9.020428412386344e-5,4.177309439104613e-6,0.0013656956502371277,,Speaker,N,,Pos,,?,Qing
64,Gong,7.608902594769695e-6,2.0345035590371256e-7,2.08891879345625e-4,,Speaker,N,,Neg,Pos,?,Qing
65,Gong,5.519518780869298e-7,7.748719545482667e-9,2.5457909886706226e-5,,Speaker,N,,Neg,Q,?,Qing
66,Gong,4.553024771432188e-6,1.6685266236569272e-7,6.622674021870893e-5,,Speaker,N,,Neg,,?,Qing
67,Gong,5.0205427334184296e-6,8.75762755538301e-8,2.0448656644278095e-4,,Speaker,N,,Q,Pos,?,Qing
68,Gong,4.402405528385681e-7,5.406141356285906e-9,3.7805563635463336e-5,,Speaker,N,,Q,Q,?,Qing
69,Gong,4.60745548539975e-6,1.338012134907964e-7,1.3345294640705233e-4,,Speaker,N,,Q,,?,Qing
70,Gong,8.45052792363185e-5,2.4261221966272846e-6,0.002059030090465609,,Speaker,N,,,Pos,?,Qing
71,Gong,5.40753738750373e-6,9.959997708812774e-8,2.7014785740033404e-4,,Speaker,N,,,Q,?,Qing
72,Gong,4.538323211077813e-5,1.9126091058578208e-6,6.312178425679034e-4,,Speaker,N,,,,?,Qing
73,Gong,1.082719982682759e-6,3.435150129707924e-8,2.904095426526467e-5,,Equal,/,Yes,Pos,Pos,?,Qing
74,Gong,8.499189670135854e-8,1.2262164143000387e-9,5.156976733248311e-6,,Equal,/,Yes,Pos,Q,?,Qing
75,Gong,5.376596212193785e-7,2.6399937125287947e-8,1.161967527122088e-5,,Equal,/,Yes,Pos,,?,Qing
76,Gong,1.5080510910546317e-8,4.105285563393383e-10,4.4356262741665295e-7,,Equal,/,Yes,Neg,Pos,?,Qing
77,Gong,1.545920192941958e-9,1.7140494593687933e-11,9.217871021081957e-8,,Equal,/,Yes,Neg,Q,?,Qing
78,Gong,1.1692754343452491e-8,5.740247890341029e-10,2.619520208352586e-7,,Equal,/,Yes,Neg,,?,Qing
79,Gong,1.5437321379864883e-8,2.507460872764922e-10,5.395544519991274e-7,,Equal,/,Yes,Q,Pos,?,Qing
80,Gong,1.7324813484236975e-9,1.5516787677047297e-11,1.5974055530010036e-7,,Equal,/,Yes,Q,Q,?,Qing
81,Gong,2.411854030511589e-8,6.064033593001512e-10,6.8533195333677e-7,,Equal,/,Yes,Q,,?,Qing
82,Gong,1.651199015302971e-7,4.976566483917653e-9,4.331238196717405e-6,,Equal,/,Yes,,Pos,?,Qing
83,Gong,1.7591381042521098e-8,1.9946687770045112e-10,9.57143845159616e-7,,Equal,/,Yes,,Q,?,Qing
84,Gong,1.3077734197879175e-7,6.127933471311031e-9,2.7539028992557587e-6,,Equal,/,Yes,,,?,Qing
85,Gong,2.6430863310022035e-4,1.1756960028392097e-5,0.004092157000837318,,Equal,/,,Pos,Pos,?,Qing
86,Gong,2.579027255800285e-5,4.6320705305709524e-7,8.965104016678976e-4,,Equal,/,,Pos,Q,?,Qing
87,Gong,2.7792182213353116e-4,2.176239600746738e-5,0.0027008888815899155,,Equal,/,,Pos,,?,Qing
88,Gong,3.7831738284502158e-6,1.5198948994749764e-7,8.18917959842553e-5,,Equal,/,,Neg,Pos,?,Qing
89,Gong,4.7087286520739903e-7,8.200211163547638e-9,2.1511027112869585e-5,,Equal,/,,Neg,Q,?,Qing
90,Gong,7.411326999538188e-6,4.822937920075169e-7,8.271248313529286e-5,,Equal,/,,Neg,,?,Qing
91,Gong,2.096295286937601e-6,5.293765875717881e-8,6.204557130298927e-5,,Equal,/,,Q,Pos,?,Qing
92,Gong,2.9674678037153313e-7,3.42604413963025e-9,1.9775231094445703e-5,,Equal,/,,Q,Q,?,Qing
93,Gong,5.055748838489532e-6,2.0046700805072996e-7,9.809981965632716e-5,,Equal,/,,Q,,?,Qing
94,Gong,4.291098355657469e-5,1.8710239102286975e-6,7.136057139510218e-4,,Equal,/,,,Pos,?,Qing
95,Gong,4.845638208292246e-6,9.092372220607107e-8,1.9975592568584124e-4,,Equal,/,,,Q,?,Qing
96,Gong,8.134646838001792e-5,5.673654467056624e-6,7.842859777531862e-4,,Equal,/,,,,?,Qing
97,Gong,1.0526932434100387e-6,2.244526979715198e-8,3.5999023880337614e-5,,Equal,Y,Yes,Pos,Pos,?,Qing
98,Gong,7.908599533094249e-8,8.453370573134568e-10,5.2532780244178855e-6,,Equal,Y,Yes,Pos,Q,?,Qing
99,Gong,7.443787401079378e-7,2.1494142970086568e-8,1.496756498659759e-5,,Equal,Y,Yes,Pos,,?,Qing
100,Gong,1.477970526592243e-8,2.572967417697802e-10,5.305775118460567e-7,,Equal,Y,Yes,Neg,Pos,?,Qing
101,Gong,1.3789205760234584e-9,1.43034883062164e-11,9.688690706714538e-8,,Equal,Y,Yes,Neg,Q,?,Qing
102,Gong,1.56261691852818e-8,4.4157640617992905e-10,3.6859309907262816e-7,,Equal,Y,Yes,Neg,,?,Qing
103,Gong,1.1008353885238789e-8,1.5395492324728484e-10,6.782038854431849e-7,,Equal,Y,Yes,Q,Pos,?,Qing
104,Gong,1.2925045640585975e-9,8.462666433057323e-12,1.3650137633026773e-7,,Equal,Y,Yes,Q,Q,?,Qing
105,Gong,1.988903053909001e-8,3.570461692643475e-10,7.769978517842442e-7,,Equal,Y,Yes,Q,,?,Qing
106,Gong,1.609916424881031e-7,3.2099158826019457e-9,5.4224512554985975e-6,,Equal,Y,Yes,,Pos,?,Qing
107,Gong,1.4329830175990883e-8,1.368842055778219e-10,9.746588516574616e-7,,Equal,Y,Yes,,Q,?,Qing
108,Gong,1.7298465795359515e-7,4.695123003063148e-9,3.98795419045048e-6,,Equal,Y,Yes,,,?,Qing
109,Gong,2.147806333827702e-4,5.873578185039668e-6,0.004879236675238976,,Equal,Y,,Pos,Pos,?,Qing
110,Gong,2.2251635569223885e-05,2.5949056347094723e-7,0.0010341690074840084,,Equal,Y,,Pos,Q,?,Qing
111,Gong,2.624964536708269e-4,1.332097504941775e-5,0.003629953021812769,,Equal,Y,,Pos,,?,Qing
112,Gong,3.1898757072394518e-6,7.193519931053432e-8,7.622316220208634e-5,,Equal,Y,,Neg,Pos,?,Qing
113,Gong,3.794130422749866e-7,4.480070058341433e-9,1.8468209770713986e-5,,Equal,Y,,Neg,Q,?,Qing
114,Gong,6.4030615346486995e-6,2.7278096425479597e-7,1.0052818679311235e-4,,Equal,Y,,Neg,,?,Qing
115,Gong,1.507384169523653e-6,2.715514033666045e-8,5.5708538949422115e-5,,Equal,Y,,Q,Pos,?,Qing
116,Gong,2.132824515314082e-7,1.7866474460990235e-9,1.66173053382934e-5,,Equal,Y,,Q,Q,?,Qing
117,Gong,3.6110723772358183e-6,1.0692398849666679e-7,8.424562571389951e-5,,Equal,Y,,Q,,?,Qing
118,Gong,3.2169492476677504e-5,9.101583599440093e-7,7.195005912973225e-4,,Equal,Y,,,Pos,?,Qing
119,Gong,3.7489174131597082e-6,4.770622375309999e-8,1.9237764749816964e-4,,Equal,Y,,,Q,?,Qing
120,Gong,6.673747758287885e-5,3.183655784593889e-6,9.395518289521034e-4,,Equal,Y,,,,?,Qing
121,Gong,2.1108567691608077e-7,3.012409516782677e-9,1.1677999743369775e-5,,Equal,N,Yes,Pos,Pos,?,Qing
122,Gong,1.236175551674882e-8,1.0170510883868315e-10,1.3056832173271788e-6,,Equal,N,Yes,Pos,Q,?,Qing
123,Gong,4.260913423901698e-8,7.362559729794389e-10,2.013307819745117e-6,,Equal,N,Yes,Pos,,?,Qing
124,Gong,3.5464130973121276e-9,3.7041368141735495e-11,2.0681309536965316e-7,,Equal,N,Yes,Neg,Pos,?,Qing
125,Gong,2.776438479373883e-10,1.7232399186104496e-12,3.157957610533828e-8,,Equal,N,Yes,Neg,Q,?,Qing
126,Gong,1.1672050602931516e-9,1.5424728920716854e-11,5.647492573074206e-8,,Equal,N,Yes,Neg,,?,Qing
127,Gong,5.272128529158113e-9,4.260321665011263e-11,4.668684707487082e-7,,Equal,N,Yes,Q,Pos,?,Qing
128,Gong,4.5306189379325593e-10,2.332632812973132e-12,7.223474447139282e-8,,Equal,N,Yes,Q,Q,?,Qing
129,Gong,3.241420414242189e-9,3.228924289178426e-11,1.8215434257497579e-7,,Equal,N,Yes,Q,,?,Qing
130,Gong,3.9197970336269845e-8,3.896181358866506e-10,2.4311861521921184e-6,,Equal,N,Yes,,Pos,?,Qing
131,Gong,3.131340373289024e-9,1.7620555581573896e-11,3.2851310404447183e-7,,Equal,N,Yes,,Q,?,Qing
132,Gong,1.2310696607714805e-8,1.6561351876659422e-10,6.271623782296271e-7,,Equal,N,Yes,,,?,Qing
133,Gong,9.953360267695181e-5,2.094689956893603e-6,0.004024021845373862,,Equal,N,,Pos,Pos,?,Qing
134,Gong,6.203175717437323e-6,7.33030993417295e-8,4.5699768501547414e-4,,Equal,N,,Pos,Q,?,Qing
135,Gong,3.082102091237569e-5,7.872045802801946e-7,8.283172602470846e-4,,Equal,N,,Pos,,?,Qing
136,Gong,1.9955461871436065e-6,3.445238341265082e-8,8.336952473335054e-5,,Equal,N,,Neg,Pos,?,Qing
137,Gong,1.5273610532098502e-7,1.5711600394316e-9,1.3497354147704367e-5,,Equal,N,,Neg,Q,?,Qing
138,Gong,1.382044370608414e-6,3.3329061403244775e-8,4.042244069269689e-5,,Equal,N,,Neg,,?,Qing
139,Gong,1.0944137194339095e-6,1.4810910820660905e-8,7.492295573503185e-5,,Equal,N,,Q,Pos,?,Qing
140,Gong,1.2552116572899935e-7,7.759576660419119e-10,1.310615303839159e-5,,Equal,N,,Q,Q,?,Qing
141,Gong,1.3183301691511566e-6,2.058533599036609e-8,5.766631077937276e-5,,Equal,N,,Q,,?,Qing
142,Gong,2.1106393225342937e-5,3.849454776225199e-7,8.491947772536377e-4,,Equal,N,,,Pos,?,Qing
143,Gong,1.7024720292993362e-6,1.7819254886500024e-8,1.259831219167579e-4,,Equal,N,,,Q,?,Qing
144,Gong,1.456513572361094e-5,2.990876561322569e-7,4.2462612694394434e-4,,Equal,N,,,,?,Qing
145,Gong,0.03841726380844872,0.002334172697892126,0.3699764109910795,,Listener,/,Yes,Pos,Pos,?,Qing
146,Gong,0.0026134705215307735,7.205748289887908e-5,0.08156710278637876,,Listener,/,Yes,Pos,Q,?,Qing
147,Gong,0.011015205933002693,0.001099834320227267,0.07192503644585352,,Listener,/,Yes,Pos,,?,Qing
148,Gong,6.994652858106894e-4,3.739739124448206e-5,0.011332553030612275,,Listener,/,Yes,Neg,Pos,?,Qing
149,Gong,5.98564439930692e-5,1.5025345744391125e-6,0.002164660114578253,,Listener,/,Yes,Neg,Q,?,Qing
150,Gong,3.0566183236881633e-4,2.365555745057274e-5,0.002638001901792253,,Listener,/,Yes,Neg,,?,Qing
151,Gong,9.362183198585926e-4,2.6827938788229533e-5,0.027014216232739988,,Listener,/,Yes,Q,Pos,?,Qing
152,Gong,9.12568451016528e-5,1.4914686118625891e-6,0.004715469623043792,,Listener,/,Yes,Q,Q,?,Qing
153,Gong,6.566310325056095e-4,3.173599507139339e-5,0.012071293167992683,,Listener,/,Yes,Q,,?,Qing
154,Gong,0.007608006979727591,3.799989977359585e-4,0.10339646686419551,,Listener,/,Yes,,Pos,?,Qing
155,Gong,6.251743823967087e-4,1.6101034672815936e-5,0.01966787418756723,,Listener,/,Yes,,Q,?,Qing
156,Gong,0.0031905788670745384,2.89076427900382e-4,0.025435173890203618,,Listener,/,Yes,,,?,Qing
157,Gong,0.9278795720562769,0.6033363362374268,0.9919467555651305,,Listener,/,,Pos,Pos,?,Qing
158,Gong,0.5126530382862151,0.03782133484266492,0.9630490039639154,,Listener,/,,Pos,Q,?,Qing
159,Gong,0.8196583351070527,0.5676669508414167,0.9437519893299963,,Listener,/,,Pos,,?,Qing
160,Gong,0.20552338005935317,0.024211274701744653,0.7222077240068225,,Listener,/,,Neg,Pos,?,Qing
161,Gong,0.026855979881534986,8.305046925026186e-4,0.3909506736743027,,Listener,/,,Neg,Q,?,Qing
162,Gong,0.18746874004183345,0.05142512237086451,0.44839528455008737,,Listener,/,,Neg,,?,Qing
163,Gong,0.14074700802616566,0.007428886851195281,0.7719952411918607,,Listener,/,,Q,Pos,?,Qing
164,Gong,0.019539689752133375,4.183072276265302e-4,0.4530663275880258,,Listener,/,,Q,Q,?,Qing
165,Gong,0.17851728240816794,0.018147254743379533,0.6922603582111515,,Listener,/,,Q,,?,Qing
166,Gong,0.727241134458942,0.22711944310146173,0.9612550032083076,,Listener,/,,,Pos,?,Qing
167,Gong,0.21927297872829044,0.010430938413533562,0.8611613787357749,,Listener,/,,,Q,?,Qing
168,Gong,0.6780871615293502,0.38894152259720477,0.8738153762654897,,Listener,/,,,,?,Qing
169,Gong,0.12229398569371994,0.009588829848582447,0.6263146342339125,,Listener,Y,Yes,Pos,Pos,?,Qing
170,Gong,0.008373351209117749,2.497347741288951e-4,0.2252333127179484,,Listener,Y,Yes,Pos,Q,?,Qing
171,Gong,0.03885379279183075,0.005648992343209182,0.1943450118898582,,Listener,Y,Yes,Pos,,?,Qing
172,Gong,0.0028068346094968924,1.9321376667979977e-4,0.03394831321709148,,Listener,Y,Yes,Neg,Pos,?,Qing
173,Gong,2.2337283710715988e-4,6.355668512398873e-6,0.008159941785780018,,Listener,Y,Yes,Neg,Q,?,Qing
174,Gong,0.002026737069853655,2.683582367614687e-4,0.012231804207628316,,Listener,Y,Yes,Neg,,?,Qing
175,Gong,0.0017598061102065666,5.7033200290308604e-5,0.04049649475193355,,Listener,Y,Yes,Q,Pos,?,Qing
176,Gong,1.7905593886898414e-4,3.095450600090561e-6,0.009836806522739964,,Listener,Y,Yes,Q,Q,?,Qing
177,Gong,0.0019594435285090707,1.074900940739634e-4,0.027287147071227293,,Listener,Y,Yes,Q,,?,Qing
178,Gong,0.028867992282827416,0.002100018180358271,0.2401508977306815,,Listener,Y,Yes,,Pos,?,Qing
179,Gong,0.002342568976567312,6.577116531131205e-5,0.0678909596951159,,Listener,Y,Yes,,Q,?,Qing
180,Gong,0.018364969699149504,0.0028271981273013244,0.10185819022707823,,Listener,Y,Yes,,,?,Qing
181,Gong,0.9507903196454142,0.6951520450019325,0.9937303467250962,,Listener,Y,,Pos,Pos,?,Qing
182,Gong,0.6334891049547036,0.058885176503074434,0.976854906242842,,Listener,Y,,Pos,Q,?,Qing
183,Gong,0.8976848819208985,0.7171515762668067,0.9707708398408161,,Listener,Y,,Pos,,?,Qing
184,Gong,0.24623644370749137,0.0353843662758208,0.7652033919809691,,Listener,Y,,Neg,Pos,?,Qing
185,Gong,0.03832252958787703,0.00128279284656299,0.4984316657950198,,Listener,Y,,Neg,Q,?,Qing
186,Gong,0.28773710262290103,0.09381378856528408,0.5959818801769048,,Listener,Y,,Neg,,?,Qing
187,Gong,0.16915441207914528,0.010745669410970441,0.7837390865367926,,Listener,Y,,Q,Pos,?,Qing
188,Gong,0.027377362009191233,5.288862737213398e-4,0.5252478276471121,,Listener,Y,,Q,Q,?,Qing
189,Gong,0.26814964952994874,0.02833345105582167,0.7736131557247987,,Listener,Y,,Q,,?,Qing
190,Gong,0.7791780532471169,0.3079963565147748,0.9642610790530135,,Listener,Y,,,Pos,?,Qing
191,Gong,0.29820620246781426,0.015189527477235626,0.9065157158351587,,Listener,Y,,,Q,?,Qing
192,Gong,0.7927194249667827,0.5551460433685782,0.9209478273806699,,Listener,Y,,,,?,Qing
193,Gong,0.014511822516488505,9.872893335617122e-4,0.1578237376903851,,Listener,N,Yes,Pos,Pos,?,Qing
194,Gong,6.420574502403486e-4,2.1057904646826012e-5,0.021495253205514493,,Listener,N,Yes,Pos,Q,?,Qing
195,Gong,0.0018984156045355137,2.149663734794497e-4,0.012681418779669206,,Listener,N,Yes,Pos,,?,Qing
196,Gong,4.2621749519806734e-4,2.2155681695501826e-5,0.006046703763232633,,Listener,N,Yes,Neg,Pos,?,Qing
197,Gong,2.2284461768455327e-5,6.253254076901179e-7,7.70551607025339e-4,,Listener,N,Yes,Neg,Q,?,Qing
198,Gong,9.877636947634824e-5,1.0313916068213886e-5,7.444970709373101e-4,,Listener,N,Yes,Neg,,?,Qing
199,Gong,3.886416270609787e-4,1.0180085589609609e-5,0.009826886600251458,,Listener,N,Yes,Q,Pos,?,Qing
200,Gong,2.5217897922623976e-5,4.527086546132272e-7,0.001456329482137495,,Listener,N,Yes,Q,Q,?,Qing
201,Gong,1.4878412626966086e-4,6.398256217307317e-6,0.0021453067851866644,,Listener,N,Yes,Q,,?,Qing
202,Gong,0.0045899434579350145,2.3742995971623765e-4,0.056348625654458216,,Listener,N,Yes,,Pos,?,Qing
203,Gong,2.2981327958951098e-4,6.4116366582273635e-6,0.007669786528273612,,Listener,N,Yes,,Q,?,Qing
204,Gong,9.357267592666316e-4,1.048543814846219e-4,0.006563114270895927,,Listener,N,Yes,,,?,Qing
205,Gong,0.7774749596056882,0.25504844260926873,0.970381714022049,,Listener,N,,Pos,Pos,?,Qing
206,Gong,0.16059793254880894,0.008056831217961804,0.8137674676839658,,Listener,N,,Pos,Q,?,Qing
207,Gong,0.3500317614848509,0.124108510906102,0.66715969987386,,Listener,N,,Pos,,?,Qing
208,Gong,0.08310407530126546,0.00788246715319982,0.4826793592783169,,Listener,N,,Neg,Pos,?,Qing
209,Gong,0.006392237621127215,2.513391832193206e-4,0.1368043398923192,,Listener,N,,Neg,Q,?,Qing
210,Gong,0.03323194648449422,0.007659577414205657,0.11308603916795955,,Listener,N,,Neg,,?,Qing
211,Gong,0.057404759429722355,0.0024970715282286644,0.5433456832023238,,Listener,N,,Q,Pos,?,Qing
212,Gong,0.0050131138852431475,1.1601925780718733e-4,0.17483670480937283,,Listener,N,,Q,Q,?,Qing
213,Gong,0.03375588257077354,0.002832788758137114,0.28936241713409355,,Listener,N,,Q,,?,Qing
214,Gong,0.47608605210967414,0.0872880298466287,0.8961202395768355,,Listener,N,,,Pos,?,Qing
215,Gong,0.06276195177780729,0.002716624643581164,0.5859894134950343,,Listener,N,,,Q,?,Qing
216,Gong,0.24185574368262552,0.0722357947628857,0.5105375074394803,,Listener,N,,,,?,Qing
1,RuEr,0.20726323592389234,0.017863575764007388,0.788534790960413,,Speaker,/,Yes,Pos,Pos,?,Qing
2,RuEr,0.08874927973565937,0.0033838304154318708,0.7626736245534472,,Speaker,/,Yes,Pos,Q,?,Qing
3,RuEr,0.5517254702043157,0.15291585418173015,0.899814404066089,,Speaker,/,Yes,Pos,,?,Qing
4,RuEr,0.3721278550906555,0.04415340836680311,0.8878296348732182,,Speaker,/,Yes,Neg,Pos,?,Qing
5,RuEr,0.2285826726445815,0.009105461244605937,0.9002971893207437,,Speaker,/,Yes,Neg,Q,?,Qing
6,RuEr,0.846274605537191,0.4869105402273179,0.9721656540090571,,Speaker,/,Yes,Neg,,?,Qing
7,RuEr,0.010952520759748875,5.01547734293932e-4,0.18995934551932514,,Speaker,/,Yes,Q,Pos,?,Qing
8,RuEr,0.006380335149990502,1.3140617226541307e-4,0.21502821999780458,,Speaker,/,Yes,Q,Q,?,Qing
9,RuEr,0.12441090798587302,0.011776210807081236,0.6153955919007823,,Speaker,/,Yes,Q,,?,Qing
10,RuEr,0.3623929554501214,0.039248027414256995,0.863854103089188,,Speaker,/,Yes,,Pos,?,Qing
11,RuEr,0.20413698337184327,0.007754469678063948,0.8861636006824839,,Speaker,/,Yes,,Q,?,Qing
12,RuEr,0.8229708668065283,0.4330994860052987,0.9666861664381539,,Speaker,/,Yes,,,?,Qing
13,RuEr,4.546251764967303e-4,2.5504197656676262e-5,0.005767832189238057,,Speaker,/,,Pos,Pos,?,Qing
14,RuEr,1.925377640363157e-4,5.375973695665112e-6,0.005725492749864804,,Speaker,/,,Pos,Q,?,Qing
15,RuEr,0.003880856338600423,4.930646944027623e-4,0.0231661910727969,,Speaker,/,,Pos,,?,Qing
16,RuEr,0.0010026867474889792,6.236047256450271e-5,0.013308010128574067,,Speaker,/,,Neg,Pos,?,Qing
17,RuEr,5.437231682305894e-4,1.6090579155362316e-5,0.014375856009747553,,Speaker,/,,Neg,Q,?,Qing
18,RuEr,0.013515344981102,0.001907924491192504,0.07035750096268625,,Speaker,/,,Neg,,?,Qing
19,RuEr,1.6674513684316915e-5,6.987392343907309e-7,3.3500114494984854e-4,,Speaker,/,,Q,Pos,?,Qing
20,RuEr,1.003981525692063e-5,2.0251045002069007e-7,4.1764990633095215e-4,,Speaker,/,,Q,Q,?,Qing
21,RuEr,2.713648749352271e-4,2.0070446104851772e-5,0.003142508407345884,,Speaker,/,,Q,,?,Qing
22,RuEr,9.001414897987727e-4,5.826888811541281e-5,0.010499913945190554,,Speaker,/,,,Pos,?,Qing
23,RuEr,4.414969118155356e-4,1.2837961512362057e-5,0.011969909696858757,,Speaker,/,,,Q,?,Qing
24,RuEr,0.012361410405030752,0.0017018585954477598,0.06096625912906946,,Speaker,/,,,,?,Qing
25,RuEr,0.25636055144959313,0.02427334619974279,0.8097101190404824,,Speaker,Y,Yes,Pos,Pos,?,Qing
26,RuEr,0.10069357081732522,0.0039889134483414865,0.765662919726906,,Speaker,Y,Yes,Pos,Q,?,Qing
27,RuEr,0.5777728908866473,0.18303379843038153,0.9013147047638478,,Speaker,Y,Yes,Pos,,?,Qing
28,RuEr,0.47069858032524226,0.06610383305586154,0.9036347593572664,,Speaker,Y,Yes,Neg,Pos,?,Qing
29,RuEr,0.28211704484241673,0.013394346868343772,0.9117351922740125,,Speaker,Y,Yes,Neg,Q,?,Qing
30,RuEr,0.8808710815915952,0.5841246967448093,0.9734885367108367,,Speaker,Y,Yes,Neg,,?,Qing
31,RuEr,0.016364072704482764,7.382680500890502e-4,0.2373210235472044,,Speaker,Y,Yes,Q,Pos,?,Qing
32,RuEr,0.008469108658230477,1.826796487463962e-4,0.2402989474040893,,Speaker,Y,Yes,Q,Q,?,Qing
33,RuEr,0.16005252176883936,0.015542806861466751,0.6531937237780325,,Speaker,Y,Yes,Q,,?,Qing
34,RuEr,0.4362018268170172,0.05897880861903164,0.8817971630690389,,Speaker,Y,Yes,,Pos,?,Qing
35,RuEr,0.23980160462095518,0.010647668972316067,0.8957986146560827,,Speaker,Y,Yes,,Q,?,Qing
36,RuEr,0.8511325934904441,0.5407370864307379,0.9674850942324316,,Speaker,Y,Yes,,,?,Qing
37,RuEr,3.3577293012562954e-4,1.796122420828471e-5,0.004865595519983948,,Speaker,Y,,Pos,Pos,?,Qing
38,RuEr,1.4810962963416458e-4,4.297041027323203e-6,0.0044584528846465885,,Speaker,Y,,Pos,Q,?,Qing
39,RuEr,0.0033324104098177397,3.986594660004019e-4,0.021060346372130483,,Speaker,Y,,Pos,,?,Qing
40,RuEr,0.0013540378642379483,8.214071369751554e-5,0.016764085157566673,,Speaker,Y,,Neg,Pos,?,Qing
41,RuEr,6.20298179607752e-4,1.9587829456195308e-5,0.016616595843433127,,Speaker,Y,,Neg,Q,?,Qing
42,RuEr,0.018034962849778888,0.0024685524832469296,0.08749738933976037,,Speaker,Y,,Neg,,?,Qing
43,RuEr,2.0943155329867362e-5,8.615002332932873e-7,4.482542334520325e-4,,Speaker,Y,,Q,Pos,?,Qing
44,RuEr,1.164308513654928e-5,2.188050933208028e-7,4.559517146121239e-4,,Speaker,Y,,Q,Q,?,Qing
45,RuEr,3.38606658183003e-4,2.423646395744053e-5,0.003756470792050088,,Speaker,Y,,Q,,?,Qing
46,RuEr,9.575848445972196e-4,6.835368341688603e-5,0.011541542691963443,,Speaker,Y,,,Pos,?,Qing
47,RuEr,4.3494891527487303e-4,1.329703219040939e-5,0.01178064774746448,,Speaker,Y,,,Q,?,Qing
48,RuEr,0.013869294547076366,0.0019474464794620196,0.06652176401787163,,Speaker,Y,,,,?,Qing
49,RuEr,0.5765197864789218,0.09038513242933652,0.9435884906510403,,Speaker,N,Yes,Pos,Pos,?,Qing
50,RuEr,0.19168689809924994,0.010253456406172722,0.8660180451963734,,Speaker,N,Yes,Pos,Q,?,Qing
51,RuEr,0.5014061437865751,0.12391645484744698,0.8725916552703912,,Speaker,N,Yes,Pos,,?,Qing
52,RuEr,0.8374591724654126,0.2945353621072323,0.983488501175409,,Speaker,N,Yes,Neg,Pos,?,Qing
53,RuEr,0.5611335454310733,0.05223539105043792,0.9677314360121778,,Speaker,N,Yes,Neg,Q,?,Qing
54,RuEr,0.885058586945431,0.5949181326222617,0.9780384676721624,,Speaker,N,Yes,Neg,,?,Qing
55,RuEr,0.10055694641315574,0.005361547427438557,0.7030206886117694,,Speaker,N,Yes,Q,Pos,?,Qing
56,RuEr,0.03650089361820959,9.253334413157673e-4,0.5591912135028735,,Speaker,N,Yes,Q,Q,?,Qing
57,RuEr,0.2469870618761435,0.0293015541141635,0.778656946349511,,Speaker,N,Yes,Q,,?,Qing
58,RuEr,0.8236063082572754,0.2691359319697386,0.9796943129879638,,Speaker,N,Yes,,Pos,?,Qing
59,RuEr,0.5251726491880895,0.04215398590357762,0.9622760308817621,,Speaker,N,Yes,,Q,?,Qing
60,RuEr,0.8612791902552432,0.527629112227161,0.9718573922689473,,Speaker,N,Yes,,,?,Qing
61,RuEr,0.0033102255407483966,2.2199473103344424e-4,0.0389365543111795,,Speaker,N,,Pos,Pos,?,Qing
62,RuEr,6.862264482908663e-4,2.4554089491876138e-5,0.0179141434994775,,Speaker,N,,Pos,Q,?,Qing
63,RuEr,0.0045714566282343255,5.522221104424482e-4,0.02809726456892243,,Speaker,N,,Pos,,?,Qing
64,RuEr,0.011909794479170325,7.898820513672493e-4,0.1146580983882141,,Speaker,N,,Neg,Pos,?,Qing
65,RuEr,0.0032404168808944063,1.1793723680891648e-4,0.06689511496793903,,Speaker,N,,Neg,Q,?,Qing
66,RuEr,0.03471975317723515,0.005791184087329497,0.15256928706280204,,Speaker,N,,Neg,,?,Qing
67,RuEr,2.0776720511017258e-4,9.11389304079008e-6,0.003931822309360994,,Speaker,N,,Q,Pos,?,Qing
68,RuEr,7.287087986393805e-5,1.944463909315333e-6,0.002877298737302297,,Speaker,N,,Q,Q,?,Qing
69,RuEr,0.001135731272993387,9.107683403474808e-5,0.011611495190529009,,Speaker,N,,Q,,?,Qing
70,RuEr,0.009867154676656609,6.895534507524203e-4,0.09439006827674928,,Speaker,N,,,Pos,?,Qing
71,RuEr,0.0024994967602521307,9.929208468503189e-5,0.05845647436774427,,Speaker,N,,,Q,?,Qing
72,RuEr,0.029376749502251484,0.004459207115088459,0.11963446611342213,,Speaker,N,,,,?,Qing
73,RuEr,0.04132824170655755,0.002684969310329354,0.38039858254808245,,Equal,/,Yes,Pos,Pos,?,Qing
74,RuEr,0.014875987131518354,4.364453389009986e-4,0.28219222414173045,,Equal,/,Yes,Pos,Q,?,Qing
75,RuEr,0.12644564869249844,0.01655399760266846,0.5462840213041205,,Equal,/,Yes,Pos,,?,Qing
76,RuEr,0.10119170072986874,0.006945967143140226,0.5885810469533415,,Equal,/,Yes,Neg,Pos,?,Qing
77,RuEr,0.047241846549955384,0.0014711084556641905,0.5785947874639003,,Equal,/,Yes,Neg,Q,?,Qing
78,RuEr,0.4403080612545886,0.10286680490869461,0.8420860710116577,,Equal,/,Yes,Neg,,?,Qing
79,RuEr,0.0017678368059973295,7.888904864262326e-5,0.040968940853623736,,Equal,/,Yes,Q,Pos,?,Qing
80,RuEr,0.0010840170813843006,1.9471844477264776e-5,0.04244418166088296,,Equal,/,Yes,Q,Q,?,Qing
81,RuEr,0.020224771393531644,0.001392274413584658,0.2053256569420503,,Equal,/,Yes,Q,,?,Qing
82,RuEr,0.08784369420821814,0.006618200419346504,0.5378928902960111,,Equal,/,Yes,,Pos,?,Qing
83,RuEr,0.03753787831772054,0.0012549718819922756,0.5392180590623676,,Equal,/,Yes,,Q,?,Qing
84,RuEr,0.39670075098520186,0.0850117335219325,0.808562558396831,,Equal,/,Yes,,,?,Qing
85,RuEr,8.253001066512418e-5,3.90334256942672e-6,0.0010985649799808068,,Equal,/,,Pos,Pos,?,Qing
86,RuEr,2.94074613058226e-5,8.255010724323921e-7,7.974699336109861e-4,,Equal,/,,Pos,Q,?,Qing
87,RuEr,4.918120837386032e-4,4.9658227205734795e-5,0.003680820445912885,,Equal,/,,Pos,,?,Qing
88,RuEr,1.7018044590367024e-4,1.1069727577512644e-5,0.0025185542413652603,,Equal,/,,Neg,Pos,?,Qing
89,RuEr,9.190531739231769e-5,2.3969856546032835e-6,0.0025622245226099003,,Equal,/,,Neg,Q,?,Qing
90,RuEr,0.002146064258930644,2.5345667365749024e-4,0.01392511186855249,,Equal,/,,Neg,,?,Qing
91,RuEr,2.901653041031883e-6,1.1265908111663726e-7,7.309288680721143e-5,,Equal,/,,Q,Pos,?,Qing
92,RuEr,1.5716428913154573e-6,3.422459439381656e-8,7.841811657084599e-5,,Equal,/,,Q,Q,?,Qing
93,RuEr,4.099524182755826e-5,2.6582090124885808e-6,6.019078635434703e-4,,Equal,/,,Q,,?,Qing
94,RuEr,1.5467930109956993e-4,9.428094198727684e-6,0.0021226520735547743,,Equal,/,,,Pos,?,Qing
95,RuEr,7.403033485964025e-5,2.04843562799144e-6,0.002297343864786676,,Equal,/,,,Q,?,Qing
96,RuEr,0.0018355070015235511,2.1422938858324143e-4,0.011820098802166102,,Equal,/,,,,?,Qing
97,RuEr,0.01820379022485031,0.0012208798467252982,0.22377984105116874,,Equal,Y,Yes,Pos,Pos,?,Qing
98,RuEr,0.0065574892307903535,2.0667239135666862e-4,0.17347121844691504,,Equal,Y,Yes,Pos,Q,?,Qing
99,RuEr,0.07766156798115925,0.009477659188839666,0.37211213140460736,,Equal,Y,Yes,Pos,,?,Qing
100,RuEr,0.04173861072533255,0.003189580530511939,0.37913957147129795,,Equal,Y,Yes,Neg,Pos,?,Qing
101,RuEr,0.021423496793135884,5.870654613459257e-4,0.3782352334436598,,Equal,Y,Yes,Neg,Q,?,Qing
102,RuEr,0.2748037957669013,0.054112017914717814,0.7159695559053689,,Equal,Y,Yes,Neg,,?,Qing
103,RuEr,7.952553954848476e-4,3.168756812353802e-5,0.017921288365067164,,Equal,Y,Yes,Q,Pos,?,Qing
104,RuEr,4.2411118985140957e-4,7.67231236854284e-6,0.020979162630409182,,Equal,Y,Yes,Q,Q,?,Qing
105,RuEr,0.009319091067842218,6.818761974821219e-4,0.10892943776831969,,Equal,Y,Yes,Q,,?,Qing
106,RuEr,0.03796664388220303,0.0029065333706815343,0.3353030776447883,,Equal,Y,Yes,,Pos,?,Qing
107,RuEr,0.01743081481621702,5.056842562336752e-4,0.34649584870780636,,Equal,Y,Yes,,Q,?,Qing
108,RuEr,0.239192524336277,0.04427231191646488,0.6842164238929314,,Equal,Y,Yes,,,?,Qing
109,RuEr,3.097884118650132e-5,1.7564986522329282e-6,5.322457446959811e-4,,Equal,Y,,Pos,Pos,?,Qing
110,RuEr,1.3146924916199456e-5,3.236418305693956e-7,4.12386810465676e-4,,Equal,Y,,Pos,Q,?,Qing
111,RuEr,2.5049623209619936e-4,2.6170589344178e-5,0.001934460819341508,,Equal,Y,,Pos,,?,Qing
112,RuEr,7.53847024128586e-5,4.085545018123972e-6,0.0010040725125388802,,Equal,Y,,Neg,Pos,?,Qing
113,RuEr,3.6749997694276455e-5,9.263477711557889e-7,0.001107983180098398,,Equal,Y,,Neg,Q,?,Qing
114,RuEr,9.542757290037033e-4,1.102546148895217e-4,0.006461372866081196,,Equal,Y,,Neg,,?,Qing
115,RuEr,1.2983386490890556e-6,4.4714114746790247e-8,2.7512858638918914e-5,,Equal,Y,,Q,Pos,?,Qing
116,RuEr,6.680145646868509e-7,1.1881633183922397e-8,3.389356155182241e-5,,Equal,Y,,Q,Q,?,Qing
117,RuEr,1.8370920821453588e-5,1.0403895386123872e-6,2.6365271369386536e-4,,Equal,Y,,Q,,?,Qing
118,RuEr,6.543688537259717e-5,3.7647527696189118e-6,8.56069224212417e-4,,Equal,Y,,,Pos,?,Qing
119,RuEr,3.406507121707532e-5,7.856321778363964e-7,9.102911528882687e-4,,Equal,Y,,,Q,?,Qing
120,RuEr,7.725174256977853e-4,9.835390503467616e-5,0.0052811416618598036,,Equal,Y,,,,?,Qing
121,RuEr,0.1768980107640638,0.01460401533308156,0.7611925356439778,,Equal,N,Yes,Pos,Pos,?,Qing
122,RuEr,0.04167660380895537,0.0014230417991681623,0.5777659100435757,,Equal,N,Yes,Pos,Q,?,Qing
123,RuEr,0.17322295482422073,0.022063029199202992,0.6373679484370125,,Equal,N,Yes,Pos,,?,Qing
124,RuEr,0.45321617603280473,0.0543931772130659,0.9154929513639114,,Equal,N,Yes,Neg,Pos,?,Qing
125,RuEr,0.17326495283426124,0.007684667572539668,0.8582244252534506,,Equal,N,Yes,Neg,Q,?,Qing
126,RuEr,0.6216974505405015,0.18410432647599023,0.9205590116367665,,Equal,N,Yes,Neg,,?,Qing
127,RuEr,0.01719129044737244,6.500124046941893e-4,0.27544139818345964,,Equal,N,Yes,Q,Pos,?,Qing
128,RuEr,0.005803718163280399,1.2633236000191505e-4,0.19838561152644885,,Equal,N,Yes,Q,Q,?,Qing
129,RuEr,0.0600823693385544,0.004581351544724945,0.4572078784582868,,Equal,N,Yes,Q,,?,Qing
130,RuEr,0.39939202808348895,0.048421915588183845,0.8998590422422673,,Equal,N,Yes,,Pos,?,Qing
131,RuEr,0.13762848556000845,0.006298593378612739,0.8302943792068542,,Equal,N,Yes,,Q,?,Qing
132,RuEr,0.5691099675965106,0.14949433393240194,0.8969311852008817,,Equal,N,Yes,,,?,Qing
133,RuEr,5.525149284131865e-4,2.801688183102735e-5,0.007166318750661827,,Equal,N,,Pos,Pos,?,Qing
134,RuEr,1.121671155499948e-4,3.3040716034218888e-6,0.004057871450842592,,Equal,N,,Pos,Q,?,Qing
135,RuEr,8.756018396748962e-4,9.019068061708307e-5,0.00643839708356872,,Equal,N,,Pos,,?,Qing
136,RuEr,0.0016964665866052223,8.856582546354716e-5,0.021241319590785308,,Equal,N,,Neg,Pos,?,Qing
137,RuEr,4.841428709804602e-4,1.4811560739377963e-5,0.015635131834895472,,Equal,N,,Neg,Q,?,Qing
138,RuEr,0.0066951017186248196,8.306026638938101e-4,0.03959093817642411,,Equal,N,,Neg,,?,Qing
139,RuEr,3.055701177422603e-5,1.035614003867077e-6,7.01918385001792e-4,,Equal,N,,Q,Pos,?,Qing
140,RuEr,1.1301437307894e-5,2.3448338204214289e-7,5.511910426773666e-4,,Equal,N,,Q,Q,?,Qing
141,RuEr,2.0733073452898176e-4,1.3054762032244081e-5,0.0023429082239268995,,Equal,N,,Q,,?,Qing
142,RuEr,0.0014597129130503716,7.740952471481885e-5,0.01838479291767571,,Equal,N,,,Pos,?,Qing
143,RuEr,3.6687187073301537e-4,1.3035480714816104e-5,0.012228819656301706,,Equal,N,,,Q,?,Qing
144,RuEr,0.005353849584333175,6.239035995801563e-4,0.03319790653293664,,Equal,N,,,,?,Qing
145,RuEr,0.050060133150395425,0.002447008703888216,0.5046746665606444,,Listener,/,Yes,Pos,Pos,?,Qing
146,RuEr,0.014691141788033471,4.2305761225976937e-4,0.34966379458417646,,Listener,/,Yes,Pos,Q,?,Qing
147,RuEr,0.10301006910506577,0.01013001375620857,0.49256275432522484,,Listener,/,Yes,Pos,,?,Qing
148,RuEr,0.25019185505217645,0.018571244064152045,0.827409319542507,,Listener,/,Yes,Neg,Pos,?,Qing
149,RuEr,0.09170871184211105,0.0030079295895510056,0.7358923978421146,,Listener,/,Yes,Neg,Q,?,Qing
150,RuEr,0.4943289607437843,0.11355964400548178,0.87655757866462,,Listener,/,Yes,Neg,,?,Qing
151,RuEr,0.005957112702586965,2.1490151360257118e-4,0.13187609033773345,,Listener,/,Yes,Q,Pos,?,Qing
152,RuEr,0.002506041726938047,4.362640686871989e-5,0.09105555098646448,,Listener,/,Yes,Q,Q,?,Qing
153,RuEr,0.030707108629618673,0.0018115068324913472,0.29810782144566733,,Listener,/,Yes,Q,,?,Qing
154,RuEr,0.1755589989153265,0.01233009621366078,0.7666273668948362,,Listener,/,Yes,,Pos,?,Qing
155,RuEr,0.0642512199452882,0.00202573907645402,0.675873257189087,,Listener,/,Yes,,Q,?,Qing
156,RuEr,0.4123234971047459,0.08299358335722617,0.8392714850617371,,Listener,/,Yes,,,?,Qing
157,RuEr,1.160360279342342e-5,3.085589147441016e-7,3.1360215687039705e-4,,Listener,/,,Pos,Pos,?,Qing
158,RuEr,8.667377840983116e-6,1.5680774610162184e-7,3.865967557811789e-4,,Listener,/,,Pos,Q,?,Qing
159,RuEr,7.636675959653497e-5,3.954411639670377e-6,8.423441136316029e-4,,Listener,/,,Pos,,?,Qing
160,RuEr,2.77661193112198e-4,1.0907816334496226e-5,0.005217837411364551,,Listener,/,,Neg,Pos,?,Qing
161,RuEr,1.2115334106245121e-4,2.930606249795135e-6,0.0038257700563497253,,Listener,/,,Neg,Q,?,Qing
162,RuEr,0.0023464357437202174,1.9996291831213278e-4,0.017296753139636564,,Listener,/,,Neg,,?,Qing
163,RuEr,4.165045032763429e-6,1.1097678305538998e-7,1.4430145241377593e-4,,Listener,/,,Q,Pos,?,Qing
164,RuEr,2.2682681439579393e-6,3.611325916973278e-8,1.359545244533361e-4,,Listener,/,,Q,Q,?,Qing
165,RuEr,4.275022200136009e-5,1.9747893224262127e-6,7.415153053378158e-4,,Listener,/,,Q,,?,Qing
166,RuEr,7.838506954467342e-5,2.8256065941104447e-6,0.0018074956535093349,,Listener,/,,,Pos,?,Qing
167,RuEr,5.305250261822812e-5,1.1118908461587138e-6,0.0017901029410156825,,Listener,/,,,Q,?,Qing
168,RuEr,6.900116536631448e-4,5.3297818157892544e-5,0.006075881721638507,,Listener,/,,,,?,Qing
169,RuEr,1.1855244490502195e-4,3.7907365187151212e-6,0.0026516644734534455,,Listener,Y,Yes,Pos,Pos,?,Qing
170,RuEr,3.656056954788486e-5,6.181466751960879e-7,0.0015390810423008485,,Listener,Y,Yes,Pos,Q,?,Qing
171,RuEr,3.442801068729163e-4,1.9498911814660375e-5,0.004031418685620331,,Listener,Y,Yes,Pos,,?,Qing
172,RuEr,7.011867549848172e-4,2.6158132608432877e-5,0.012269857742104788,,Listener,Y,Yes,Neg,Pos,?,Qing
173,RuEr,2.0318955177449607e-4,4.653393631619263e-6,0.0076846043371824845,,Listener,Y,Yes,Neg,Q,?,Qing
174,RuEr,0.0032565722648584296,2.3494884093976968e-4,0.027200007830795757,,Listener,Y,Yes,Neg,,?,Qing
175,RuEr,1.1151389362745325e-5,2.750975321150401e-7,3.5344918872026265e-4,,Listener,Y,Yes,Q,Pos,?,Qing
176,RuEr,4.7176715856058195e-6,6.488870820804566e-8,2.350512232107986e-4,,Listener,Y,Yes,Q,Q,?,Qing
177,RuEr,7.905499309154227e-5,3.687497645347363e-6,0.0014735589107669745,,Listener,Y,Yes,Q,,?,Qing
178,RuEr,4.518044620282611e-4,1.7047958529421046e-5,0.008419655622821804,,Listener,Y,Yes,,Pos,?,Qing
179,RuEr,1.3670089507403617e-4,3.0073071833862533e-6,0.005465708848803579,,Listener,Y,Yes,,Q,?,Qing
180,RuEr,0.002222554976510479,1.4776923892739768e-4,0.019915050201159728,,Listener,Y,Yes,,,?,Qing
181,RuEr,1.6721469565937654e-8,3.3003181592348875e-10,5.82700186564685e-7,,Listener,Y,,Pos,Pos,?,Qing
182,RuEr,1.5283087893093305e-8,1.7754315471943125e-10,8.645569221363555e-7,,Listener,Y,,Pos,Q,?,Qing
183,RuEr,1.20971402848868e-7,5.105575359012825e-9,1.981470175384765e-6,,Listener,Y,,Pos,,?,Qing
184,RuEr,4.894542218505659e-7,1.3487887875283056e-8,1.1418223586433525e-5,,Listener,Y,,Neg,Pos,?,Qing
185,RuEr,2.24372047846463e-7,3.5537275843675284e-9,9.457715725094083e-6,,Listener,Y,,Neg,Q,?,Qing
186,RuEr,4.770485034657728e-6,2.6008948686846556e-7,5.7326654986555064e-5,,Listener,Y,,Neg,,?,Qing
187,RuEr,7.67653674179825e-9,1.1899826863901596e-10,3.0691271487604736e-7,,Listener,Y,,Q,Pos,?,Qing
188,RuEr,3.682126282687602e-9,4.7446414938664874e-11,2.7763427980192e-7,,Listener,Y,,Q,Q,?,Qing
189,RuEr,8.138453751152957e-8,2.351152470136699e-9,1.9557777179461434e-6,,Listener,Y,,Q,,?,Qing
190,RuEr,1.2473740469644902e-7,3.2775988282035394e-9,3.514176126806517e-6,,Listener,Y,,,Pos,?,Qing
191,RuEr,8.456020335689646e-8,1.3632783556865128e-9,4.079562550083491e-6,,Listener,Y,,,Q,?,Qing
192,RuEr,1.2264787602387996e-6,6.009944133145494e-8,1.6173416027685103e-5,,Listener,Y,,,,?,Qing
193,RuEr,0.0014312400493881753,5.404263297047089e-5,0.031015668359210765,,Listener,N,Yes,Pos,Pos,?,Qing
194,RuEr,2.758758622515604e-4,5.998212335420287e-6,0.011639865478012226,,Listener,N,Yes,Pos,Q,?,Qing
195,RuEr,0.001512457095713661,7.037395569678755e-5,0.01808799489115673,,Listener,N,Yes,Pos,,?,Qing
196,RuEr,0.009431425646009742,3.703193305082973e-4,0.15714324515962558,,Listener,N,Yes,Neg,Pos,?,Qing
197,RuEr,0.0021294020631876078,4.2949204725083835e-5,0.06578400670244633,,Listener,N,Yes,Neg,Q,?,Qing
198,RuEr,0.01282656218008539,7.518773286370344e-4,0.1316522600184566,,Listener,N,Yes,Neg,,?,Qing
199,RuEr,2.0630685326796612e-4,4.556690145292413e-6,0.006462342322937086,,Listener,N,Yes,Q,Pos,?,Qing
200,RuEr,5.7347686094823104e-5,7.93000851658357e-7,0.0027187842640297106,,Listener,N,Yes,Q,Q,?,Qing
201,RuEr,4.8813781383074984e-4,1.5905739035694594e-5,0.010076475106027244,,Listener,N,Yes,Q,,?,Qing
202,RuEr,0.006743673993587734,2.745537260375927e-4,0.11617793328450217,,Listener,N,Yes,,Pos,?,Qing
203,RuEr,0.0015755085669932702,3.344040879965146e-5,0.045990144698998925,,Listener,N,Yes,,Q,?,Qing
204,RuEr,0.010086050996495668,5.340334775874358e-4,0.10284860767655168,,Listener,N,Yes,,,?,Qing
205,RuEr,6.911397726583244e-7,1.5541818237955202e-8,2.2353128591535414e-5,,Listener,N,,Pos,Pos,?,Qing
206,RuEr,3.2835411549396314e-7,5.4246086119790955e-9,1.6239204545747417e-5,,Listener,N,,Pos,Q,?,Qing
207,RuEr,2.580561344271949e-6,1.1241996877359751e-7,4.384688930125283e-5,,Listener,N,,Pos,,?,Qing
208,RuEr,1.23236725616439e-5,3.222099643268242e-7,3.098210868847409e-4,,Listener,N,,Neg,Pos,?,Qing
209,RuEr,4.102127700095892e-6,6.797091413896982e-8,1.513060367046958e-4,,Listener,N,,Neg,Q,?,Qing
210,RuEr,4.312242051581566e-5,2.185665758315843e-6,5.855503115908e-4,,Listener,N,,Neg,,?,Qing
211,RuEr,2.050226138593845e-7,3.734540690927613e-9,8.74462082405665e-6,,Listener,N,,Q,Pos,?,Qing
212,RuEr,9.155440901507976e-8,9.768381084411752e-10,4.938106058784633e-6,,Listener,N,,Q,Q,?,Qing
213,RuEr,1.1601094772239897e-6,3.1640819459404635e-8,2.745083877650637e-5,,Listener,N,,Q,,?,Qing
214,RuEr,4.795415861465224e-6,1.1105085286367346e-7,1.2986395796965995e-4,,Listener,N,,,Pos,?,Qing
215,RuEr,2.16045311748809e-6,3.217512720382605e-8,7.691895458144493e-5,,Listener,N,,,Q,?,Qing
216,RuEr,2.293592359446253e-5,1.1765216440577133e-6,2.8844723903190034e-4,,Listener,N,,,,?,Qing
